Location,Opportunity Equality,Pay Equality,Government Support,Education Helps,Family Planning Helps,Rolemodels Help,Minimum Wage Helps,Maternity Support Helps,Banking Access Helps,Other Things Helps,Fear Of Violence Barrier,Housework Barrier,Laws Against Working Barrier,Traditional Views Barrier,Lack Of Experience Barrier,Lack Of Internet Barrier,Highest Education,Gender,Age
"(25.3014957, 51.4996673988223)",Yes,No,No,Yes,No,No,Yes,No,No,No,No,Yes,Yes,No,No,Yes,College,Female,38
"(44.4361414, 26.1027443)",No,No,No,No,No,No,No,No,No,No,No,No,No,No,No,No,High School,Male,35
"(51.15092055, 71.4388595154859)",No,No,No,No,No,No,No,No,No,No,No,No,No,No,No,No,High School,Male,40
"(43.8519774, 18.3866868)",No,No,No,No,No,No,No,No,No,No,No,No,No,No,No,No,High School,Female,30
"(12.0535331, -61.7518049)",No,Yes,No,No,No,Yes,No,No,No,Yes,No,No,No,No,No,No,Some College,Female,34
"(39.9059631, 116.391248)",Yes,No,No,No,No,No,No,No,No,Yes,No,No,No,No,Yes,No,Some College,Male,30
"(30.0488185, 31.2436663)",No,Yes,No,No,No,No,No,No,No,No,No,No,No,No,No,No,Some College,Female,44
"(14.0931919, -87.201263)",No,No,No,No,No,No,No,No,No,No,No,No,No,No,No,No,High School,Male,37
"(43.7311424, 7.4197576)",Yes,No,Yes,No,No,No,No,Yes,No,No,No,No,No,Yes,Yes,Yes,PhD,Female,30
"(-9.431297, 159.9552773)",No,No,No,No,No,No,No,No,No,No,No,No,No,No,No,No,None,Female,39
"(48.2083537, 16.3725042)",No,No,No,No,Yes,No,Yes,Yes,No,No,No,Yes,No,Yes,Yes,No,College,Male,33
"(17.9640988, 102.6133707)",Yes,No,No,No,No,Yes,No,No,No,No,No,No,No,No,No,No,Some College,Female,29
"(59.9132694, 10.7391112)",No,Yes,Yes,No,Yes,Yes,Yes,Yes,Yes,No,Yes,Yes,No,No,No,Yes,Masters,Male,31
"(64.145981, -21.9422366)",No,No,Yes,Yes,Yes,Yes,Yes,No,No,Yes,Yes,Yes,Yes,Yes,Yes,No,College,Male,31
"(19.4325301, -99.1332101)",No,No,No,No,No,No,No,No,Yes,No,Yes,No,No,No,Yes,No,Some College,Female,33
"(48.8566101, 2.3514992)",Yes,Yes,No,No,No,No,Yes,No,No,No,No,Yes,Yes,No,No,Yes,College,Male,52
"(30.0488185, 31.2436663)",Yes,Yes,Yes,No,No,No,Yes,No,Yes,No,Yes,No,No,No,No,No,Some College,Female,21
"(23.7593572, 90.3788136)",No,No,No,No,No,No,No,No,No,No,No,No,No,No,No,No,None,Female,30
"(55.7516335, 37.6187042)",Yes,No,Yes,Yes,Yes,No,Yes,No,No,No,No,No,No,No,Yes,Yes,Some College,Male,30
"(41.9960424, 21.4316707)",No,Yes,No,No,No,No,No,No,No,No,No,No,No,No,No,No,Some College,Male,35
"(32.77325405, 13.4141472054133)",No,No,No,No,No,No,Yes,No,No,No,No,No,No,No,No,No,High School,Female,24
"(35.8987546, 14.5134889)",No,No,No,No,No,No,No,No,No,No,No,Yes,No,No,Yes,Yes,College,Male,35
"(-9.47433, 147.1599504)",No,No,No,No,No,No,No,No,No,No,No,No,No,No,No,No,None,Male,55
"(9.9360107, -84.0919724335087)",No,No,No,No,No,No,No,No,No,No,No,No,No,No,No,No,High School,Male,36
"(-18.1415883, 178.4421662)",No,No,No,No,No,No,No,No,No,No,No,No,No,No,No,No,High School,Female,30
"(51.5073219, -0.1276473)",Yes,No,No,Yes,Yes,No,No,No,Yes,No,No,No,No,Yes,No,Yes,College,Male,28
"(15.2984622, -61.3875048)",No,No,No,No,No,No,No,No,No,No,Yes,No,No,No,No,No,High School,Female,36
"(-0.5454277, 166.9220436)",No,No,No,No,No,No,Yes,No,Yes,No,No,No,No,No,Yes,No,Some College,Female,41
"(-0.5454277, 166.9220436)",No,No,No,No,Yes,Yes,Yes,No,No,Yes,No,No,No,No,No,No,Some College,Male,36
"(-4.6219495, 55.4533145)",No,No,No,No,No,No,No,No,No,No,Yes,Yes,No,No,No,No,Some College,Female,40
"(29.3797091, 47.9735629)",Yes,No,Yes,No,No,Yes,No,No,No,Yes,No,Yes,Yes,No,No,No,College,Male,28
"(48.1359085, 17.1597440625)",Yes,Yes,Yes,No,No,No,No,No,Yes,No,No,Yes,No,Yes,No,No,Some College,Male,35
"(31.7791134, 35.2266286)",No,No,No,No,No,Yes,Yes,No,No,Yes,Yes,No,No,No,No,No,College,Male,39
"(44.4361414, 26.1027443)",No,No,No,No,No,No,No,No,No,No,No,No,No,No,No,No,High School,Male,24
"(30.1600827, -85.6545728)",No,No,No,No,No,No,No,No,No,No,No,No,No,No,No,No,High School,Female,42
"(0.3389242, 6.7313031)",No,No,No,No,No,No,No,No,No,No,No,No,Yes,No,No,No,Some College,Male,52
"(19.4325301, -99.1332101)",No,No,No,No,No,No,No,No,No,No,Yes,No,No,No,No,No,Some College,Female,26
"(13.5859219, 100.416086601645)",No,No,No,No,No,No,No,No,No,No,No,No,No,No,No,No,High School,Male,34
"(39.9059631, 116.391248)",No,No,No,No,No,No,No,Yes,Yes,No,No,No,No,No,Yes,No,Some College,Female,25
"(44.8178787, 20.4568089)",No,No,No,No,No,No,No,No,No,No,No,No,No,No,No,No,High School,Female,44
"(-0.155388, -78.4862308)",No,No,No,No,No,No,No,No,No,No,No,No,No,No,No,No,High School,Male,33
"(41.8935085, 12.4825526)",Yes,No,No,Yes,Yes,Yes,No,No,Yes,Yes,Yes,No,No,Yes,No,No,College,Male,39
"(44.4361414, 26.1027443)",No,No,No,No,No,No,No,No,No,No,No,No,No,No,No,No,High School,Male,46
"(33.8439408, 9.400138)",No,No,No,No,No,No,No,No,No,No,No,No,No,No,No,No,High School,Female,23
"(35.686172, 51.4223519)",No,No,Yes,No,No,No,No,No,No,No,No,Yes,No,No,No,No,Some College,Female,33
"(-4.3217054, 15.3125974)",Yes,Yes,No,No,No,No,No,No,Yes,Yes,No,No,No,No,No,No,Some College,Male,27
"(54.6843135, 25.2853984)",No,No,No,No,No,No,No,No,No,No,No,No,No,No,No,No,High School,Male,35
"(-34.9059038, -56.1913568)",No,No,No,No,No,No,No,No,No,No,No,No,No,No,No,No,High School,Female,43
"(3.1570976, 101.7009528)",No,No,No,No,No,No,No,No,No,No,No,No,No,No,No,No,High School,Male,34
"(48.8566101, 2.3514992)",Yes,No,Yes,Yes,No,No,Yes,Yes,No,Yes,No,Yes,Yes,No,Yes,No,College,Male,38
"(6.1258459, 1.2249327)",No,No,No,No,No,No,No,No,No,No,No,No,No,No,No,No,None,Male,47
"(51.5073219, -0.1276473)",Yes,Yes,Yes,Yes,Yes,No,No,No,Yes,No,Yes,No,No,No,Yes,Yes,College,Male,32
"(-8.5536808, 125.5784093)",No,No,No,No,No,No,No,No,No,No,No,Yes,No,Yes,No,Yes,Some College,Male,37
"(50.8465565, 4.351697)",No,No,No,No,No,No,No,No,Yes,Yes,No,Yes,No,No,No,Yes,College,Male,37
"(31.7791134, 35.2266286)",No,No,Yes,Yes,No,Yes,No,Yes,No,Yes,No,No,No,No,No,Yes,College,Female,29
"(12.6493194, -8.000337)",No,No,No,No,No,No,No,No,No,No,No,No,No,No,No,No,None,Female,30
"(42.8767446, 74.6069949)",No,Yes,Yes,Yes,No,No,No,Yes,No,Yes,Yes,No,No,No,No,No,Some College,Male,49
"(2.0427779, 45.3385636)",Yes,Yes,Yes,Yes,Yes,Yes,Yes,Yes,Yes,Yes,Yes,Yes,Yes,Yes,Yes,Yes,PhD,Female,45
"(41.6935247, 44.8015019)",No,No,No,No,No,No,No,No,No,No,No,No,No,No,No,No,None,Male,39
"(-8.5536808, 125.5784093)",No,No,No,Yes,No,Yes,No,No,No,No,No,No,No,No,No,No,Some College,Male,29
"(34.0226709, -6.8391104)",No,No,No,No,No,No,No,No,No,No,No,No,No,No,No,No,High School,Male,40
"(15.342101, 44.2005197)",Yes,No,No,No,No,No,Yes,No,No,No,No,Yes,No,No,No,No,Some College,Male,33
"(56.9493977, 24.1051846)",No,No,No,No,No,No,No,No,No,No,No,No,Yes,No,No,No,High School,Male,35
"(-9.47433, 147.1599504)",No,No,No,No,No,No,No,No,No,No,No,No,No,No,No,No,None,Male,30
"(-9.47433, 147.1599504)",No,No,No,No,No,No,No,No,No,No,No,No,No,No,No,No,None,Female,42
"(41.9960424, 21.4316707)",No,Yes,Yes,No,No,Yes,No,No,No,No,No,No,No,No,Yes,No,Some College,Male,28
"(42.8767446, 74.6069949)",Yes,No,No,No,Yes,No,No,No,No,No,No,No,Yes,No,No,No,Some College,Male,35
"(6.3280343, -10.7977881)",No,No,No,No,No,No,No,No,No,No,No,No,No,No,No,No,None,Male,39
"(32.77325405, 13.4141472054133)",No,No,No,No,No,No,No,No,No,No,No,No,No,No,No,No,High School,Male,40
"(-25.9662132, 32.5674498)",No,No,No,No,No,No,No,No,No,No,No,No,No,No,No,No,None,Male,41
"(48.1359085, 17.1597440625)",Yes,Yes,No,No,No,No,No,No,No,No,No,No,No,No,No,No,Some College,Male,39
"(43.9458623, 12.458306)",No,No,Yes,No,No,No,No,No,Yes,Yes,Yes,No,No,No,No,No,College,Female,34
"(7.0909924, 171.3816354)",No,No,No,No,No,No,No,No,No,No,No,No,No,No,No,No,High School,Female,35
"(40.4167047, -3.7035824)",No,Yes,Yes,Yes,Yes,Yes,Yes,No,No,Yes,Yes,Yes,Yes,Yes,No,Yes,College,Female,50
"(48.8566101, 2.3514992)",No,No,No,No,Yes,No,No,No,No,No,Yes,Yes,Yes,No,Yes,No,College,Female,38
"(-26.3257446, 31.144663)",No,No,No,No,No,No,No,No,No,No,No,No,No,No,No,No,High School,Female,30
"(14.0931919, -87.201263)",No,No,No,No,No,No,No,No,No,No,No,No,No,No,No,No,High School,Female,34
"(9.9360107, -84.0919724335087)",No,No,No,No,No,No,No,No,No,No,No,No,No,No,No,No,High School,Female,28
"(-29.3100535, 27.4782219)",No,No,No,No,No,No,No,No,No,No,No,No,No,No,No,No,None,Female,30
"(40.3754289, 49.8328549)",No,No,No,No,No,No,No,No,No,No,No,No,No,No,No,No,None,Male,32
"(1.3497964, 173.0277185)",No,No,No,No,No,No,No,No,No,No,No,No,No,No,No,No,None,Female,36
"(49.6112768, 6.129799)",No,Yes,Yes,No,Yes,Yes,Yes,Yes,No,No,Yes,Yes,Yes,Yes,No,Yes,Masters,Male,28
"(34.2255804, 139.294774527387)",No,No,Yes,No,No,No,No,Yes,No,Yes,No,Yes,No,Yes,No,No,College,Male,39
"(43.7311424, 7.4197576)",Yes,No,No,Yes,No,No,Yes,Yes,No,Yes,Yes,No,No,Yes,No,No,PhD,Female,44
"(11.5742555, 104.82899544331)",No,No,No,No,No,No,No,No,No,No,No,No,No,No,No,No,None,Female,40
"(14.0096056, -60.9903262)",No,No,No,No,Yes,No,No,No,No,Yes,No,No,No,No,No,No,Some College,Female,37
"(13.1561864, -61.227962)",No,No,No,No,No,No,No,No,No,No,No,No,No,No,No,No,Some College,Male,37
"(15.342101, 44.2005197)",No,No,No,Yes,No,No,Yes,No,No,No,No,No,No,No,No,No,Some College,Male,25
"(4.5980478, -74.0760866)",No,No,No,No,No,No,No,No,No,No,No,No,No,No,No,No,High School,Female,37
"(13.1561864, -61.227962)",No,No,No,No,Yes,No,No,No,No,No,No,No,No,No,No,No,Some College,Male,31
"(-34.9059038, -56.1913568)",No,No,No,No,No,No,No,No,No,No,No,No,No,No,No,No,High School,Male,38
"(3.7528278, 8.780061)",No,No,No,No,No,No,No,No,No,No,No,No,No,No,No,No,High School,Male,49
"(53.3497645, -6.2602731)",No,No,No,No,No,No,No,No,Yes,No,No,No,Yes,No,No,No,Some College,Male,39
"(-6.1753941, 106.8271826)",No,No,No,No,No,No,No,No,No,No,No,No,No,No,No,No,None,Female,34
"(-41.2887638, 174.7772239)",Yes,Yes,No,No,No,No,Yes,No,No,No,No,Yes,No,No,No,No,College,Female,47
"(41.8935085, 12.4825526)",Yes,No,No,No,Yes,Yes,No,No,No,Yes,No,No,No,Yes,Yes,Yes,College,Male,25
"(20.9749006, 105.675563063679)",No,No,No,No,No,No,No,No,No,No,No,No,No,No,No,No,None,Male,44
"(0.3389242, 6.7313031)",Yes,No,Yes,No,No,Yes,Yes,No,No,No,No,Yes,No,No,No,Yes,Some College,Male,41
"(-1.950851, 30.0615075)",No,No,No,No,No,No,No,No,No,No,No,No,No,No,No,No,None,Female,31
"(4.3907153, 18.5509126)",No,No,No,No,No,No,No,No,No,No,No,No,No,No,No,No,None,Female,39
"(10.4885375, -66.8791738)",No,No,No,No,No,No,No,No,Yes,No,No,No,No,No,Yes,No,Some College,Female,27
"(15.5933247, 32.5356502)",No,No,No,No,No,No,No,No,No,No,No,No,No,No,No,No,None,Male,26
"(5.8216198, -55.1771973)",No,No,No,No,No,No,No,No,No,No,No,No,No,No,No,No,High School,Female,29
"(23.1379911, -82.3658561)",No,No,No,No,No,No,No,No,No,No,No,No,No,No,No,No,High School,Female,29
"(-12.045827, -77.0304844)",No,No,No,No,No,No,No,No,No,No,No,No,No,No,No,No,High School,Female,27
"(37.5666791, 126.9782914)",No,No,No,No,No,No,No,No,No,No,No,No,No,No,No,No,Some College,Female,50
"(39.9059631, 116.391248)",No,No,No,No,Yes,Yes,No,No,No,No,No,No,Yes,Yes,Yes,Yes,Some College,Female,41
"(44.8178787, 20.4568089)",No,No,No,No,No,No,No,No,No,No,No,No,No,No,No,No,High School,Female,47
"(29.3797091, 47.9735629)",No,No,No,No,Yes,No,No,No,No,No,Yes,No,No,No,No,No,College,Male,40
"(-33.4377967, -70.650445)",No,No,No,No,No,No,No,No,No,No,No,No,No,No,No,No,High School,Female,39
"(30.1600827, -85.6545728)",No,No,No,No,No,No,No,No,No,No,No,No,No,No,Yes,No,High School,Male,46
"(-4.3217054, 15.3125974)",No,No,No,No,No,Yes,No,No,No,No,No,No,No,No,No,No,Some College,Female,29
"(42.4415238, 19.2621081)",No,No,No,No,No,No,No,No,No,No,No,No,No,No,No,No,High School,Female,47
"(44.4361414, 26.1027443)",No,No,No,No,No,No,No,No,No,No,No,No,No,No,No,No,High School,Female,36
"(28.0000272, 2.9999825)",No,No,No,No,No,No,No,No,No,No,No,No,No,No,No,No,High School,Male,36
"(9.9360107, -84.0919724335087)",No,No,No,No,No,No,No,No,No,No,No,No,No,No,No,No,High School,Female,48
"(14.5906216, 120.9799696)",No,No,No,No,No,No,No,No,No,No,No,No,No,No,No,No,PhD,Male,31
"(6.920744, 158.1627143)",No,No,Yes,No,Yes,No,No,No,Yes,No,No,No,No,No,No,Yes,Some College,Female,33
"(39.9059631, 116.391248)",No,Yes,No,No,No,No,No,No,No,No,No,Yes,No,No,Yes,Yes,Some College,Female,37
"(39.9220732, 32.853758)",No,No,No,No,No,No,No,No,No,No,No,No,No,No,No,No,High School,Male,31
"(-41.2887638, 174.7772239)",Yes,Yes,No,No,Yes,No,No,Yes,No,No,Yes,Yes,No,Yes,No,No,College,Female,37
"(32.77325405, 13.4141472054133)",No,No,No,No,No,No,No,No,No,No,No,No,No,No,No,No,High School,Male,30
"(47.0122737, 28.8605936)",No,No,No,No,No,No,No,No,No,No,No,No,No,No,No,No,None,Female,44
"(35.8987546, 14.5134889)",Yes,Yes,Yes,No,No,Yes,Yes,No,Yes,No,No,No,No,No,Yes,Yes,College,Female,49
"(41.6935247, 44.8015019)",No,No,No,No,No,No,No,No,No,No,No,No,No,No,No,No,None,Male,35
"(41.8935085, 12.4825526)",No,No,No,Yes,No,No,No,No,No,No,No,Yes,No,No,No,No,College,Male,32
"(32.77325405, 13.4141472054133)",No,No,No,No,No,No,No,No,No,No,No,No,No,No,No,No,High School,Male,31
"(15.2984622, -61.3875048)",No,No,No,No,No,No,No,No,No,No,Yes,No,No,No,No,No,High School,Male,32
"(50.0874654, 14.4212503)",No,No,No,No,No,Yes,No,No,No,No,No,Yes,No,Yes,Yes,No,Some College,Male,32
"(17.2960919, -62.7223009)",No,No,Yes,Yes,Yes,No,No,No,No,No,No,No,Yes,No,No,No,Some College,Male,36
"(42.4415238, 19.2621081)",No,No,No,No,No,No,No,No,No,No,No,No,No,No,No,No,High School,Male,33
"(38.5762757, 68.786394)",No,No,No,No,No,No,No,No,No,No,No,No,No,No,No,No,None,Female,38
"(15.342101, 44.2005197)",Yes,No,No,Yes,No,No,No,No,No,Yes,No,Yes,No,No,No,No,Some College,Female,32
"(56.9493977, 24.1051846)",No,No,No,No,No,No,No,No,No,No,No,No,No,No,No,No,High School,Male,19
"(33.8439408, 9.400138)",No,No,No,No,No,No,No,No,No,No,No,No,No,No,No,No,High School,Male,21
"(24.4747961, 54.3705762)",Yes,Yes,No,No,Yes,No,Yes,No,No,No,No,Yes,No,No,No,No,College,Male,47
"(17.9640988, 102.6133707)",No,No,Yes,No,No,No,No,Yes,No,No,No,No,No,No,No,Yes,Some College,Male,38
"(-25.7458368, 28.1867178)",No,No,No,No,No,No,No,No,No,No,Yes,No,No,No,No,No,High School,Male,34
"(-9.431297, 159.9552773)",No,No,No,No,No,No,No,No,No,No,No,No,No,No,No,No,None,Female,37
"(55.7516335, 37.6187042)",No,No,No,Yes,No,Yes,No,No,No,No,No,No,No,Yes,No,Yes,Some College,Male,39
"(17.250283, -88.7694262)",No,No,No,No,No,No,No,No,No,No,No,No,No,No,No,No,High School,Male,39
"(-18.9100121, 47.5255809)",No,No,No,No,No,No,No,No,No,No,No,No,No,No,No,No,None,Female,30
"(-13.834369, -171.7692792)",No,No,No,No,No,No,No,No,No,No,No,No,No,No,No,No,High School,Male,34
"(45.4210328, -75.6900218)",No,No,No,Yes,Yes,No,Yes,No,Yes,No,No,No,Yes,No,No,Yes,College,Female,29
"(9.9360107, -84.0919724335087)",No,No,No,No,Yes,No,No,No,No,No,No,No,No,No,No,Yes,High School,Female,31
"(12.1461244, -86.2737169)",No,No,No,No,No,No,No,No,No,No,No,No,No,No,No,No,High School,Male,23
"(-41.2887638, 174.7772239)",No,Yes,No,Yes,No,Yes,No,Yes,Yes,Yes,No,No,Yes,No,Yes,No,College,Female,44
"(-20.163728, 57.5045331)",No,No,No,No,No,No,No,No,No,No,No,No,No,No,No,No,High School,Male,37
"(-20.163728, 57.5045331)",No,No,No,No,No,No,No,No,No,No,No,No,No,No,No,No,High School,Male,26
"(10.6572678, -61.5180172)",No,No,No,Yes,No,No,Yes,No,Yes,No,No,No,Yes,No,No,Yes,Some College,Male,41
"(39.9059631, 116.391248)",Yes,No,No,No,No,No,No,Yes,No,No,No,No,No,No,No,No,Some College,Male,44
"(3.1570976, 101.7009528)",No,No,No,No,No,No,No,No,No,No,No,No,No,No,No,No,High School,Female,43
"(-11.6931254, 43.2543044)",No,No,No,No,No,No,No,No,No,No,No,No,No,No,No,No,None,Female,39
"(44.8178787, 20.4568089)",No,No,No,No,No,No,No,No,No,No,No,No,No,No,No,No,High School,Female,37
"(32.77325405, 13.4141472054133)",No,No,No,No,No,No,No,No,No,No,No,No,No,No,No,No,High School,Female,42
"(43.8519774, 18.3866868)",No,No,No,No,No,No,No,No,No,No,No,No,No,No,No,No,High School,Male,34
"(33.6945756, 73.0643744)",No,No,No,No,No,No,No,No,No,No,No,No,No,No,No,No,None,Female,37
"(56.9493977, 24.1051846)",No,No,No,No,No,No,No,No,No,No,No,No,No,No,No,No,High School,Female,22
"(42.4415238, 19.2621081)",No,No,No,No,No,No,No,No,No,No,No,No,No,No,No,No,High School,Female,38
"(10.4885375, -66.8791738)",No,No,No,No,No,Yes,No,No,No,No,No,No,No,No,No,No,Some College,Male,35
"(51.15092055, 71.4388595154859)",No,No,No,No,No,No,No,No,No,No,No,No,No,No,No,No,High School,Female,28
"(6.8091068, -5.2732627)",No,Yes,Yes,No,No,Yes,No,No,Yes,No,No,No,No,No,No,No,Some College,Female,44
"(20.9749006, 105.675563063679)",No,No,No,No,No,No,No,No,No,No,No,No,No,No,No,No,None,Male,32
"(28.6138967, 77.2159562)",No,No,No,No,No,No,No,No,No,No,No,No,No,No,No,No,None,Female,38
"(27.7087963, 85.3202438)",No,No,No,No,No,No,No,No,No,No,No,No,No,No,No,No,None,Female,42
"(23.5997857, 58.5451305)",No,Yes,No,No,No,No,No,Yes,No,No,No,No,No,No,No,No,Some College,Female,27
"(14.6417889, -90.5132238)",No,No,No,No,No,No,No,No,No,No,No,No,No,No,No,No,High School,Female,34
"(11.5742555, 104.82899544331)",No,No,No,No,No,No,No,No,No,No,No,No,No,No,No,No,None,Female,28
"(13.6977587, -89.1930099)",No,No,No,No,No,No,No,No,No,No,No,No,No,No,No,No,High School,Male,31
"(-13.834369, -171.7692792)",No,No,No,No,No,No,No,No,No,No,No,No,No,No,No,No,High School,Female,38
"(33.8959203, 35.47843)",No,No,No,No,No,No,No,Yes,No,No,No,No,Yes,No,No,Yes,Some College,Male,47
"(-13.834369, -171.7692792)",No,No,No,No,No,No,No,No,No,No,No,No,No,No,No,No,High School,Male,35
"(51.5073219, -0.1276473)",Yes,Yes,No,Yes,Yes,No,Yes,Yes,No,No,No,Yes,Yes,Yes,Yes,No,College,Female,34
"(49.6112768, 6.129799)",No,Yes,No,No,Yes,No,No,No,No,Yes,Yes,Yes,No,No,Yes,Yes,Masters,Male,39
"(14.6934248, -17.4479376)",No,No,No,No,No,No,No,No,No,No,No,No,No,No,No,No,None,Male,35
"(0.3389242, 6.7313031)",No,No,No,No,Yes,No,Yes,No,No,No,No,No,No,No,No,No,Some College,Male,30
"(15.5933247, 32.5356502)",No,No,No,No,No,No,No,No,No,No,No,No,No,No,No,No,None,Male,40
"(29.3797091, 47.9735629)",Yes,No,No,No,No,No,No,No,No,No,No,Yes,Yes,No,No,No,College,Female,20
"(52.2319237, 21.0067265)",No,No,No,No,No,No,No,No,No,No,No,No,No,No,Yes,No,Some College,Male,28
"(-11.6931254, 43.2543044)",No,No,No,No,No,No,No,No,No,No,No,No,No,No,No,No,None,Male,30
"(0.3389242, 6.7313031)",Yes,Yes,No,No,No,No,No,No,No,No,No,No,No,No,No,No,Some College,Female,27
"(37.9841493, 23.7279843)",No,No,No,No,No,No,Yes,No,No,Yes,Yes,No,Yes,Yes,No,Yes,College,Male,33
"(-1.2832532, 36.8172449)",No,No,No,No,No,No,No,No,No,No,No,No,No,No,No,No,None,Female,44
"(41.9960424, 21.4316707)",No,No,No,Yes,Yes,No,Yes,No,No,No,No,No,Yes,No,No,No,Some College,Female,44
"(42.8767446, 74.6069949)",No,No,No,No,No,No,No,No,No,No,No,No,Yes,Yes,No,No,Some College,Male,34
"(46.049865, 14.5068921)",No,No,No,No,Yes,No,Yes,No,No,No,Yes,No,No,No,Yes,Yes,College,Female,32
"(31.9515694, 35.9239625)",No,No,No,No,No,No,No,No,No,No,No,No,No,No,No,No,High School,Male,35
"(-26.3257446, 31.144663)",No,No,No,No,No,No,No,No,No,No,No,No,No,No,No,No,High School,Female,37
"(-25.7458368, 28.1867178)",No,No,No,No,No,No,No,No,No,No,No,No,No,No,No,No,High School,Female,30
"(15.5933247, 32.5356502)",No,No,No,No,No,No,No,No,No,No,No,No,No,No,No,No,None,Female,33
"(27.7087963, 85.3202438)",No,No,No,No,No,No,No,No,No,No,No,No,No,No,No,No,None,Male,38
"(0.3177137, 32.5813539)",No,No,No,No,No,No,No,No,No,No,No,No,No,No,No,No,None,Male,42
"(47.0122737, 28.8605936)",No,No,No,No,No,No,No,No,No,No,No,No,No,No,No,No,None,Male,38
"(9.0643305, 7.4892974)",No,No,No,No,No,No,No,No,No,No,No,No,No,No,No,No,None,Female,27
"(47.0122737, 28.8605936)",No,No,No,No,No,No,No,No,No,No,No,No,No,No,No,No,None,Female,44
"(-1.950851, 30.0615075)",No,No,No,No,No,No,No,No,No,No,No,No,No,No,No,No,None,Male,24
"(28.6138967, 77.2159562)",No,No,No,No,No,No,No,No,No,No,No,No,No,No,No,No,None,Female,48
"(13.4998139, 2.10948597212168)",No,No,No,No,No,No,No,No,No,No,No,No,No,No,No,No,None,Male,31
"(39.9059631, 116.391248)",No,Yes,No,No,No,No,No,Yes,No,No,No,No,No,No,No,No,Some College,Male,48
"(17.1184569, -61.8448508)",No,No,No,No,No,No,No,No,No,No,No,No,Yes,No,No,No,College,Male,38
"(14.6417889, -90.5132238)",No,No,No,No,No,No,No,No,No,No,No,No,No,No,No,No,High School,Male,27
"(39.9059631, 116.391248)",No,No,No,No,No,No,No,No,No,No,No,No,No,No,No,No,None,Female,47
"(43.8519774, 18.3866868)",No,No,No,No,No,No,No,No,No,No,No,No,No,No,No,No,High School,Female,33
"(0.3389242, 6.7313031)",No,No,No,No,Yes,No,No,No,No,No,No,Yes,No,No,No,No,Some College,Female,43
"(33.8959203, 35.47843)",Yes,Yes,No,No,Yes,No,Yes,No,Yes,No,No,No,Yes,No,No,No,Some College,Female,33
"(47.4983815, 19.0404707)",No,No,Yes,No,No,No,No,No,No,No,Yes,No,No,No,No,No,Some College,Male,38
"(31.9515694, 35.9239625)",No,No,No,No,No,No,No,No,No,No,No,No,No,No,No,No,High School,Male,46
"(33.8959203, 35.47843)",No,Yes,No,No,No,No,Yes,No,Yes,No,No,No,No,No,No,No,Some College,Female,42
"(4.3907153, 18.5509126)",No,No,No,No,No,No,No,No,No,No,No,No,No,No,No,No,None,Female,38
"(-25.9662132, 32.5674498)",No,No,No,No,No,No,No,No,No,No,No,No,No,No,No,No,None,Female,41
"(-18.1415883, 178.4421662)",No,No,No,No,No,No,No,No,No,No,No,No,No,No,No,No,High School,Male,36
"(-6.179118, 35.7468174)",No,No,No,No,No,No,No,No,No,No,No,No,No,No,No,No,None,Male,41
"(12.1461244, -86.2737169)",No,No,No,No,No,No,No,No,No,No,No,No,No,No,No,No,High School,Female,30
"(18.0794011, -15.9780392)",No,No,No,No,No,No,No,No,No,No,No,No,No,No,No,No,None,Female,28
"(35.686172, 51.4223519)",Yes,No,No,No,No,No,No,No,No,No,No,No,No,No,No,No,Some College,Male,54
"(34.2255804, 139.294774527387)",Yes,No,Yes,No,Yes,Yes,No,Yes,No,No,No,No,No,Yes,No,Yes,College,Male,28
"(28.6138967, 77.2159562)",No,No,No,No,No,No,No,No,No,No,No,No,No,No,No,No,None,Female,41
"(43.7311424, 7.4197576)",Yes,No,No,Yes,Yes,Yes,Yes,No,Yes,No,No,Yes,No,Yes,No,Yes,PhD,Female,43
"(14.5906216, 120.9799696)",No,No,No,No,No,No,No,No,No,No,No,No,No,No,No,No,PhD,Male,42
"(43.7311424, 7.4197576)",No,Yes,Yes,Yes,Yes,No,No,No,Yes,Yes,Yes,No,Yes,Yes,Yes,No,PhD,Male,19
"(31.7791134, 35.2266286)",No,No,No,Yes,No,Yes,No,Yes,No,Yes,No,No,No,No,No,Yes,College,Female,54
"(11.8613244, -15.5830553)",No,No,No,No,No,No,No,No,No,No,No,No,No,No,No,No,None,Female,33
"(-8.8271655, 13.2436665)",No,No,No,No,No,No,No,No,No,No,No,No,No,No,No,No,None,Female,33
"(27.5626719, 89.5724019168216)",No,No,No,No,No,No,No,No,No,No,No,No,No,No,No,No,None,Female,29
"(14.6417889, -90.5132238)",No,No,No,No,No,No,No,No,No,No,No,No,No,No,No,No,High School,Male,19
"(19.7540045, 96.1344976)",Yes,Yes,Yes,Yes,Yes,Yes,Yes,Yes,Yes,Yes,Yes,Yes,Yes,Yes,Yes,Yes,PhD,Male,29
"(56.9493977, 24.1051846)",No,No,No,No,No,No,No,No,No,Yes,No,No,No,No,No,No,High School,Female,37
"(19.4325301, -99.1332101)",No,No,No,No,No,No,No,No,No,No,No,Yes,No,Yes,No,Yes,Some College,Male,31
"(50.8465565, 4.351697)",No,Yes,Yes,Yes,No,Yes,No,No,No,No,No,No,Yes,Yes,No,Yes,College,Female,35
"(41.9034912, 12.4528349)",No,No,No,No,No,Yes,No,No,No,No,No,No,No,No,No,No,Some College,Female,35
"(-34.9059038, -56.1913568)",No,No,No,No,No,No,No,No,No,No,No,No,No,No,No,No,High School,Male,36
"(-18.1415883, 178.4421662)",No,No,No,No,No,No,No,No,No,No,No,No,No,No,No,No,High School,Female,28
"(47.4983815, 19.0404707)",No,No,No,No,No,Yes,Yes,No,No,No,No,No,No,No,No,No,Some College,Female,21
"(18.0794011, -15.9780392)",No,No,No,No,No,No,No,No,No,No,No,No,No,No,No,No,None,Male,41
"(14.0931919, -87.201263)",No,No,No,No,No,No,No,No,No,No,No,No,No,No,No,No,High School,Female,28
"(48.1359085, 17.1597440625)",No,No,Yes,No,No,Yes,No,No,No,No,No,No,No,No,No,No,Some College,Male,50
"(15.342101, 44.2005197)",No,No,No,Yes,Yes,No,No,Yes,No,No,No,No,No,No,No,No,Some College,Male,41
"(41.31588575, 19.9009121644611)",No,No,No,No,No,No,No,No,No,No,No,No,No,No,No,No,High School,Female,39
"(-29.3100535, 27.4782219)",No,No,No,No,No,No,No,No,No,No,No,No,No,No,No,No,None,Female,40
"(-11.6931254, 43.2543044)",No,No,No,No,No,No,No,No,No,No,No,No,No,No,No,No,None,Female,37
"(6.8091068, -5.2732627)",No,No,Yes,No,No,No,No,Yes,No,No,No,No,No,No,No,Yes,Some College,Female,34
"(9.5171253, -13.6999234)",No,No,No,No,No,No,No,No,No,No,No,No,No,No,No,No,None,Female,40
"(39.9059631, 116.391248)",Yes,No,No,No,No,Yes,No,Yes,No,No,No,No,No,No,No,No,College,Male,41
"(-34.9059038, -56.1913568)",Yes,No,No,No,No,No,No,No,No,No,No,No,No,No,No,No,High School,Male,37
"(14.9160169, -23.5096131)",Yes,Yes,No,No,No,No,No,No,No,No,No,No,No,Yes,Yes,No,Some College,Male,37
"(41.31588575, 19.9009121644611)",No,No,No,No,No,No,No,No,No,No,No,No,No,No,No,No,High School,Female,21
"(4.5980478, -74.0760866)",No,No,No,No,No,No,No,No,No,No,No,No,No,No,No,No,High School,Male,47
"(47.4983815, 19.0404707)",Yes,No,No,Yes,No,Yes,No,No,Yes,No,No,No,No,No,No,No,Some College,Male,30
"(13.4553495, -16.5756456)",Yes,No,No,No,Yes,No,Yes,No,Yes,No,Yes,No,No,Yes,Yes,No,Some College,Female,33
"(33.3024248, 44.3787992)",Yes,Yes,Yes,Yes,Yes,Yes,Yes,Yes,Yes,Yes,Yes,Yes,Yes,Yes,Yes,Yes,PhD,Female,29
"(34.5197058, 69.1624302)",No,No,No,No,No,No,No,No,No,No,No,No,No,No,No,No,None,Female,32
"(47.1392862, 9.5227962)",Yes,No,Yes,No,Yes,No,No,Yes,Yes,Yes,No,No,No,Yes,No,Yes,PhD,Male,28
"(-21.13434, -175.2018084)",No,No,No,No,No,No,No,No,No,No,No,No,No,No,No,No,High School,Female,32
"(10.6572678, -61.5180172)",Yes,No,No,No,Yes,No,No,Yes,No,Yes,No,No,No,No,No,Yes,Some College,Female,37
"(6.1258459, 1.2249327)",No,No,No,No,No,No,No,No,No,No,No,No,No,No,No,No,None,Female,25
"(13.1561864, -61.227962)",No,Yes,No,No,No,No,No,No,Yes,No,No,No,Yes,No,No,No,Some College,Male,32
"(0.3177137, 32.5813539)",No,No,No,No,No,No,No,No,No,No,No,No,No,No,No,No,None,Female,42
"(23.1379911, -82.3658561)",No,No,No,No,No,No,No,No,No,No,No,No,No,No,No,No,High School,Female,28
"(14.6417889, -90.5132238)",No,No,No,No,No,No,No,No,No,No,No,No,No,No,No,No,High School,Male,26
"(39.9220732, 32.853758)",No,No,No,No,No,No,No,No,No,No,No,No,No,No,No,No,High School,Female,43
"(-0.5454277, 166.9220436)",No,No,No,No,No,No,No,Yes,No,Yes,No,No,No,No,No,Yes,Some College,Male,30
"(53.3497645, -6.2602731)",No,No,No,No,No,No,No,No,No,No,No,Yes,No,No,Yes,No,Some College,Male,30
"(44.4361414, 26.1027443)",No,No,No,No,No,No,No,No,No,No,No,No,No,No,No,No,High School,Male,46
"(43.9458623, 12.458306)",No,No,No,Yes,No,Yes,Yes,No,Yes,Yes,No,No,Yes,No,Yes,No,College,Female,39
"(31.7791134, 35.2266286)",Yes,No,No,No,No,Yes,No,No,No,Yes,No,No,No,Yes,No,Yes,College,Female,31
"(2.0427779, 45.3385636)",Yes,Yes,Yes,Yes,Yes,Yes,Yes,Yes,Yes,Yes,Yes,Yes,Yes,Yes,Yes,Yes,PhD,Female,25
"(55.7516335, 37.6187042)",No,No,No,No,Yes,No,No,No,No,No,No,No,No,No,No,No,Some College,Male,33
"(4.5980478, -74.0760866)",No,No,No,No,No,No,No,No,No,No,No,No,No,No,No,No,High School,Female,35
"(4.1754179, 73.5102069950142)",No,No,Yes,No,No,No,No,No,No,Yes,No,Yes,No,No,No,No,High School,Female,29
"(-0.155388, -78.4862308)",No,No,No,No,No,No,No,No,No,No,No,No,No,No,No,No,High School,Female,35
"(42.4415238, 19.2621081)",No,No,No,No,No,No,No,No,No,No,No,No,No,No,No,No,High School,Male,30
"(1.3497964, 173.0277185)",No,No,No,No,No,No,No,No,No,No,No,No,No,No,No,No,None,Male,21
"(17.9712148, -76.7928127)",No,No,No,No,No,No,No,No,No,No,No,No,No,No,No,No,High School,Female,31
"(4.8895453, 114.9417574)",Yes,No,No,No,Yes,No,No,No,No,No,No,No,No,Yes,No,No,College,Female,30
"(53.3497645, -6.2602731)",No,No,No,No,No,No,No,Yes,No,No,Yes,No,No,No,No,No,Some College,Male,28
"(46.9482713, 7.4514512)",No,No,No,Yes,Yes,No,No,No,Yes,No,No,Yes,No,Yes,Yes,Yes,Masters,Male,35
"(6.1258459, 1.2249327)",No,No,No,No,No,No,No,No,No,No,No,No,No,No,No,No,None,Female,35
"(10.4885375, -66.8791738)",No,No,No,No,Yes,No,No,No,No,No,No,No,No,No,Yes,No,High School,Female,19
"(-41.2887638, 174.7772239)",No,Yes,Yes,No,No,Yes,Yes,No,No,No,No,No,Yes,No,Yes,No,College,Male,35
"(2.0427779, 45.3385636)",Yes,Yes,Yes,Yes,Yes,Yes,Yes,Yes,Yes,Yes,Yes,Yes,Yes,Yes,Yes,Yes,PhD,Female,35
"(17.250283, -88.7694262)",No,No,No,No,No,No,Yes,No,No,No,No,No,No,No,No,No,High School,Female,42
"(-1.950851, 30.0615075)",No,No,No,No,No,No,No,No,No,No,No,No,No,No,No,No,None,Male,48
"(1.3497964, 173.0277185)",No,No,No,No,No,No,No,No,No,No,No,No,No,No,No,No,None,Female,42
"(14.0931919, -87.201263)",No,No,No,No,No,No,No,No,No,No,No,No,No,No,No,No,High School,Male,28
"(59.4372155, 24.7453688)",No,No,No,No,No,No,No,No,Yes,No,No,No,No,No,No,No,Some College,Male,53
"(42.8767446, 74.6069949)",No,Yes,No,No,No,No,Yes,No,No,No,No,No,No,No,No,Yes,Some College,Female,32
"(41.3123363, 69.2787079)",No,No,No,No,No,No,No,No,No,No,No,No,No,No,No,No,None,Female,28
"(48.8566101, 2.3514992)",No,Yes,No,No,No,No,No,No,No,No,No,No,No,Yes,No,No,College,Male,33
"(33.8439408, 9.400138)",No,No,No,No,No,No,No,No,No,No,No,No,No,No,No,No,High School,Male,53
"(6.8091068, -5.2732627)",No,No,No,No,No,No,No,No,No,Yes,No,No,No,No,No,No,Some College,Male,33
"(31.9515694, 35.9239625)",No,No,No,No,No,No,No,No,No,No,No,No,No,No,No,No,High School,Female,35
"(25.3014957, 51.4996673988223)",Yes,Yes,No,No,No,No,No,No,Yes,Yes,No,No,Yes,No,No,No,College,Female,37
"(19.4325301, -99.1332101)",No,No,No,Yes,No,No,No,No,No,Yes,No,Yes,No,Yes,No,No,Some College,Male,35
"(-41.2887638, 174.7772239)",No,No,No,Yes,Yes,No,No,Yes,No,No,No,No,Yes,No,Yes,No,College,Female,30
"(51.15092055, 71.4388595154859)",No,No,No,No,No,No,No,No,No,No,No,No,No,No,No,No,High School,Female,24
"(24.4747961, 54.3705762)",No,Yes,Yes,Yes,Yes,Yes,Yes,Yes,Yes,No,Yes,No,No,No,No,No,College,Female,30
"(13.4553495, -16.5756456)",No,Yes,No,No,No,No,Yes,Yes,No,No,No,No,No,No,No,No,Some College,Female,38
"(-12.045827, -77.0304844)",No,No,No,No,No,No,No,No,No,No,No,No,No,No,No,No,High School,Female,23
"(34.2255804, 139.294774527387)",No,No,No,Yes,No,No,No,Yes,No,Yes,Yes,No,No,No,No,Yes,College,Male,36
"(44.8178787, 20.4568089)",No,No,No,No,No,No,No,No,No,No,No,No,No,No,No,No,High School,Female,29
"(33.3024248, 44.3787992)",Yes,Yes,Yes,Yes,Yes,Yes,Yes,Yes,Yes,Yes,Yes,Yes,Yes,Yes,Yes,Yes,PhD,Female,42
"(23.5997857, 58.5451305)",No,No,No,No,No,No,No,No,No,No,No,Yes,No,No,Yes,Yes,Some College,Male,37
"(-13.9734559, 33.7878122)",No,No,No,No,No,No,No,No,No,No,No,No,No,No,No,No,None,Female,36
"(42.8767446, 74.6069949)",Yes,Yes,No,No,No,No,No,No,No,Yes,No,No,Yes,No,No,No,Some College,Female,36
"(5.8216198, -55.1771973)",No,No,No,No,No,No,No,No,No,No,No,No,No,No,No,No,High School,Female,37
"(6.4990718, 2.6253361)",No,No,No,No,No,No,No,No,No,No,No,No,No,No,No,No,None,Male,35
"(-13.9734559, 33.7878122)",No,No,No,No,No,No,No,No,No,No,No,No,No,No,No,No,None,Female,33
"(-20.163728, 57.5045331)",No,No,No,No,No,No,No,No,No,No,No,No,No,No,No,No,High School,Female,32
"(0.3389242, 6.7313031)",No,No,No,No,Yes,No,No,No,No,No,No,No,No,No,Yes,No,Some College,Male,37
"(-25.9662132, 32.5674498)",No,No,No,No,No,No,No,No,No,No,No,No,No,No,No,No,None,Female,31
"(48.1359085, 17.1597440625)",No,No,No,No,Yes,No,No,No,No,No,No,Yes,No,No,No,No,Some College,Male,23
"(45.8131545, 15.9770298)",No,No,No,No,No,Yes,No,No,No,No,No,No,No,No,No,Yes,Some College,Female,42
"(24.6319692, 46.7150648)",Yes,Yes,No,No,Yes,No,No,Yes,Yes,Yes,No,No,Yes,No,No,Yes,Some College,Female,28
"(53.3497645, -6.2602731)",No,Yes,No,Yes,No,No,No,No,No,No,No,Yes,No,No,No,No,Some College,Female,38
"(-6.1753941, 106.8271826)",No,No,No,No,No,No,No,No,No,No,No,No,No,No,No,No,None,Female,32
"(41.6935247, 44.8015019)",No,No,No,No,No,No,No,No,No,No,No,No,No,No,No,No,None,Male,39
"(44.4361414, 26.1027443)",No,No,No,No,No,No,No,No,No,No,No,No,No,No,No,No,High School,Male,36
"(-21.13434, -175.2018084)",No,No,No,No,No,No,No,No,No,No,No,No,No,No,No,No,High School,Male,41
"(17.250283, -88.7694262)",No,No,No,No,No,No,No,No,No,No,No,No,No,No,No,No,High School,Female,38
"(-18.9100121, 47.5255809)",No,No,No,No,No,No,No,No,No,No,No,No,No,No,No,No,None,Male,25
"(17.9712148, -76.7928127)",No,No,No,No,No,No,No,No,Yes,No,No,No,No,No,No,No,High School,Female,26
"(25.3014957, 51.4996673988223)",No,No,No,No,Yes,No,No,No,No,No,Yes,Yes,No,No,No,Yes,College,Male,24
"(37.9396678, 58.3874263)",No,No,No,No,No,No,No,No,No,No,No,No,No,No,No,No,None,Male,45
"(24.4747961, 54.3705762)",Yes,No,No,No,No,Yes,Yes,No,Yes,No,No,Yes,Yes,No,No,No,College,Female,33
"(39.07984925, 125.801457340332)",No,No,No,No,No,No,No,No,No,Yes,Yes,No,Yes,No,No,No,Some College,Male,41
"(-29.3100535, 27.4782219)",No,No,No,No,No,No,No,No,No,No,No,No,No,No,No,No,None,Male,34
"(42.4415238, 19.2621081)",No,No,No,No,No,No,No,No,No,No,No,No,No,No,No,No,High School,Male,42
"(-19.0478619, -65.2596022)",No,No,No,No,No,No,No,No,No,No,No,No,No,No,No,No,None,Female,33
"(-29.3100535, 27.4782219)",No,No,No,No,No,No,No,No,No,No,No,No,No,No,No,No,None,Male,31
"(39.9059631, 116.391248)",No,No,No,No,No,No,No,Yes,No,Yes,Yes,No,No,No,No,Yes,Some College,Male,44
"(39.9059631, 116.391248)",No,No,No,No,No,Yes,No,No,Yes,No,Yes,Yes,No,No,No,Yes,Some College,Male,35
"(48.8566101, 2.3514992)",Yes,No,Yes,Yes,Yes,No,Yes,Yes,Yes,No,Yes,Yes,Yes,Yes,No,Yes,College,Male,40
"(41.9034912, 12.4528349)",No,No,No,Yes,No,No,No,No,No,Yes,No,No,No,Yes,No,No,Some College,Female,36
"(59.9132694, 10.7391112)",Yes,No,No,Yes,No,Yes,No,Yes,Yes,No,Yes,No,No,No,No,No,Masters,Male,38
"(52.5170365, 13.3888599)",Yes,No,Yes,Yes,Yes,Yes,Yes,No,No,Yes,Yes,No,No,No,No,No,College,Male,45
"(40.4167047, -3.7035824)",Yes,No,No,Yes,Yes,Yes,No,Yes,Yes,No,No,No,Yes,Yes,No,No,College,Female,44
"(2.0427779, 45.3385636)",Yes,Yes,Yes,Yes,Yes,Yes,Yes,Yes,Yes,Yes,Yes,Yes,Yes,Yes,Yes,Yes,PhD,Female,35
"(24.6319692, 46.7150648)",No,No,No,No,No,No,No,Yes,No,Yes,No,No,No,No,No,No,Some College,Female,47
"(6.920744, 158.1627143)",No,No,No,No,No,No,Yes,No,No,No,Yes,No,No,No,No,No,Some College,Male,28
"(33.3024248, 44.3787992)",Yes,Yes,Yes,Yes,Yes,Yes,Yes,Yes,Yes,Yes,Yes,Yes,Yes,Yes,Yes,Yes,PhD,Male,35
"(-24.6553194, 25.9087281)",No,No,No,No,Yes,No,No,No,No,No,No,No,No,No,No,No,High School,Female,35
"(49.6112768, 6.129799)",No,No,No,No,No,Yes,No,No,Yes,No,No,No,No,Yes,No,Yes,Masters,Male,39
"(4.3907153, 18.5509126)",No,No,No,No,No,No,No,No,No,No,No,No,No,No,No,No,None,Male,21
"(-9.431297, 159.9552773)",No,No,No,No,No,No,No,No,No,No,No,No,No,No,No,No,None,Female,27
"(13.1561864, -61.227962)",No,No,No,No,No,No,No,No,No,No,No,No,No,No,Yes,No,Some College,Female,28
"(32.77325405, 13.4141472054133)",No,Yes,No,No,No,No,No,No,No,No,No,No,No,No,No,No,High School,Male,33
"(55.7516335, 37.6187042)",No,No,No,No,Yes,Yes,No,No,No,No,No,No,Yes,No,Yes,No,Some College,Male,45
"(51.15092055, 71.4388595154859)",No,No,No,No,No,No,No,No,No,No,No,No,No,No,No,No,High School,Female,33
"(50.4501071, 30.5240501)",No,No,No,No,No,No,No,No,No,No,No,No,No,No,No,No,None,Male,31
"(12.6493194, -8.000337)",No,No,No,No,No,No,No,No,No,No,No,No,No,No,No,No,None,Male,40
"(14.6417889, -90.5132238)",No,No,No,No,No,No,No,No,No,No,No,No,No,No,No,No,High School,Male,26
"(34.5197058, 69.1624302)",No,No,No,No,No,No,No,No,No,No,No,No,No,No,No,No,None,Male,23
"(13.1561864, -61.227962)",No,No,No,No,Yes,No,No,No,No,Yes,No,No,No,Yes,Yes,No,Some College,Female,41
"(24.4747961, 54.3705762)",No,No,Yes,Yes,No,No,No,Yes,Yes,No,No,Yes,No,No,No,Yes,College,Female,33
"(-17.7414971, 168.3150163)",No,No,No,No,No,No,No,No,No,No,No,No,No,No,No,No,High School,Male,24
"(-11.6931254, 43.2543044)",No,No,No,No,No,No,No,No,No,No,No,No,No,No,No,No,None,Male,42
"(5.5600141, -0.2057436)",No,No,No,No,No,No,No,No,No,No,No,No,No,No,No,No,None,Male,26
"(25.3014957, 51.4996673988223)",Yes,Yes,Yes,No,No,Yes,Yes,Yes,Yes,Yes,Yes,No,Yes,No,Yes,No,College,Female,30
"(50.4501071, 30.5240501)",No,No,No,No,No,No,No,No,No,No,No,No,No,No,No,No,None,Female,31
"(4.8895453, 114.9417574)",Yes,No,No,No,No,No,Yes,No,Yes,Yes,No,Yes,Yes,No,No,Yes,College,Female,27
"(52.2319237, 21.0067265)",No,No,No,No,No,No,No,No,No,No,No,No,No,No,No,No,Some College,Male,31
"(39.9059631, 116.391248)",No,No,No,No,No,No,Yes,No,No,No,No,No,No,No,No,No,Some College,Male,35
"(32.77325405, 13.4141472054133)",No,No,No,No,No,No,No,No,No,Yes,No,No,No,No,No,No,High School,Male,37
"(28.6138967, 77.2159562)",No,No,No,No,No,No,No,No,No,No,No,No,No,No,No,No,None,Female,32
"(46.049865, 14.5068921)",No,No,No,No,No,No,No,No,No,No,No,No,Yes,No,No,No,College,Male,38
"(53.902334, 27.5618791)",No,No,No,No,No,No,No,No,No,No,No,No,No,No,No,No,High School,Male,48
"(34.5197058, 69.1624302)",No,No,No,No,No,No,No,No,No,No,No,No,No,No,No,No,None,Male,36
"(64.145981, -21.9422366)",No,Yes,Yes,No,No,Yes,Yes,No,No,Yes,No,Yes,Yes,No,Yes,Yes,College,Male,42
"(-18.9100121, 47.5255809)",No,No,No,No,No,No,No,No,No,No,No,No,No,No,No,No,None,Male,41
"(-17.8317725, 31.0456859)",No,No,No,No,No,No,No,No,No,No,No,No,No,No,No,No,None,Male,20
"(48.1359085, 17.1597440625)",No,No,No,No,No,Yes,No,No,No,Yes,No,No,No,No,Yes,No,Some College,Male,35
"(9.5171253, -13.6999234)",No,No,No,No,No,No,No,No,No,No,No,No,No,No,No,No,None,Female,35
"(39.07984925, 125.801457340332)",No,No,No,No,Yes,No,No,No,No,No,No,No,No,No,No,No,Some College,Female,44
"(11.5936649, 43.1472403)",No,No,No,No,No,No,No,No,No,No,No,No,No,No,No,No,None,Male,39
"(18.4801972, -69.9421109)",No,No,No,No,No,No,No,No,No,No,No,No,No,No,No,No,High School,Male,33
"(13.4553495, -16.5756456)",Yes,No,No,Yes,No,No,No,No,No,No,No,No,No,No,No,No,Some College,Male,47
"(0.3900022, 9.4540009)",No,No,No,No,No,No,No,No,No,No,No,No,No,No,No,No,High School,Male,43
"(42.8767446, 74.6069949)",No,Yes,Yes,No,No,No,No,No,No,No,No,No,No,No,No,No,Some College,Female,19
"(14.0931919, -87.201263)",No,No,No,No,No,No,No,No,No,No,No,No,No,No,No,No,High School,Female,30
"(4.1754179, 73.5102069950142)",No,No,No,No,No,No,No,No,No,No,No,No,No,No,No,No,High School,Male,30
"(59.4372155, 24.7453688)",No,No,No,No,No,No,No,No,No,No,No,No,No,No,No,No,Some College,Female,31
"(40.3754289, 49.8328549)",No,No,No,No,No,No,No,No,No,No,No,No,No,No,No,No,None,Female,38
"(17.2960919, -62.7223009)",No,No,No,No,Yes,Yes,No,Yes,No,Yes,No,No,No,No,Yes,No,Some College,Female,42
"(3.1570976, 101.7009528)",No,No,No,No,No,No,No,No,No,No,No,No,No,No,No,No,High School,Male,42
"(-12.045827, -77.0304844)",No,No,No,No,No,No,No,No,No,No,No,No,No,No,No,No,High School,Male,37
"(50.4501071, 30.5240501)",No,No,No,No,No,No,No,No,No,No,No,No,No,No,No,No,None,Male,33
"(39.9220732, 32.853758)",No,No,No,No,No,No,No,No,No,No,No,No,No,No,No,No,High School,Female,37
"(6.8025766, -58.1628611)",No,No,No,No,No,No,No,No,No,No,No,No,No,No,No,No,None,Male,37
"(-41.2887638, 174.7772239)",No,No,No,No,Yes,No,Yes,No,Yes,No,No,Yes,No,No,Yes,No,College,Male,60
"(5.8216198, -55.1771973)",No,No,No,No,No,No,No,No,No,No,No,No,No,No,No,No,High School,Female,30
"(9.5171253, -13.6999234)",No,No,No,No,No,No,No,No,No,No,No,No,No,No,No,No,None,Male,33
"(4.1754179, 73.5102069950142)",No,No,No,No,No,No,No,No,No,No,No,No,No,No,No,No,High School,Male,38
"(59.4372155, 24.7453688)",No,No,No,No,No,No,No,No,No,No,No,No,No,No,Yes,No,Some College,Female,36
"(43.9458623, 12.458306)",Yes,No,No,Yes,Yes,No,No,No,No,No,Yes,Yes,No,No,No,No,College,Female,37
"(6.8091068, -5.2732627)",No,No,No,No,No,No,No,No,No,No,No,No,No,No,No,No,High School,Male,36
"(13.6977587, -89.1930099)",No,No,No,No,No,No,No,No,No,No,No,No,No,No,No,No,High School,Female,39
"(48.8566101, 2.3514992)",No,Yes,Yes,No,Yes,Yes,Yes,No,Yes,No,No,Yes,Yes,Yes,Yes,No,College,Male,23
"(17.9640988, 102.6133707)",No,No,No,Yes,No,No,No,No,No,No,No,No,No,No,No,No,Some College,Female,28
"(19.4325301, -99.1332101)",No,No,No,No,No,Yes,No,No,No,Yes,No,No,No,No,No,No,Some College,Male,38
"(4.8895453, 114.9417574)",Yes,Yes,No,Yes,No,Yes,No,No,No,Yes,No,Yes,No,Yes,Yes,No,College,Male,31
"(37.9841493, 23.7279843)",No,No,No,No,No,Yes,No,No,No,Yes,No,No,Yes,No,No,No,College,Female,43
"(33.5130695, 36.3095814)",No,Yes,No,Yes,No,No,No,No,No,No,No,No,No,No,No,No,Some College,Female,47
"(44.8178787, 20.4568089)",No,No,No,No,No,No,No,No,No,No,No,No,No,No,No,No,High School,Male,50
"(0.3900022, 9.4540009)",No,No,No,No,No,No,No,No,No,No,No,No,No,No,No,No,High School,Female,42
"(11.8613244, -15.5830553)",No,No,No,No,No,No,No,No,No,No,No,No,No,No,No,No,None,Male,27
"(33.8959203, 35.47843)",No,No,No,No,No,No,Yes,No,No,No,No,No,No,No,No,No,Some College,Female,39
"(13.1561864, -61.227962)",No,No,Yes,No,No,No,No,No,No,No,No,Yes,Yes,No,No,No,Some College,Male,32
"(13.0977832, -59.6184183)",Yes,No,No,No,No,No,No,Yes,No,Yes,Yes,Yes,Yes,No,No,No,College,Female,39
"(6.8091068, -5.2732627)",No,Yes,No,No,No,No,No,No,No,No,Yes,No,No,No,No,No,Some College,Female,30
"(42.5069391, 1.5212467)",No,No,No,No,No,Yes,No,No,No,No,Yes,No,Yes,Yes,No,No,College,Male,26
"(-18.1415883, 178.4421662)",No,No,No,No,No,No,No,No,No,No,No,No,No,No,No,No,High School,Female,38
"(5.8216198, -55.1771973)",No,No,No,No,No,No,No,No,No,No,No,No,No,No,No,No,High School,Female,22
"(9.0643305, 7.4892974)",No,No,No,No,No,No,No,No,No,No,No,No,No,No,No,No,None,Male,23
"(-4.2694406, 15.2712256)",No,No,No,No,No,No,No,No,No,No,No,No,No,No,No,No,Some College,Female,49
"(38.7077926, -9.1365069)",No,No,No,Yes,No,Yes,No,Yes,No,No,No,No,No,No,No,No,College,Female,54
"(-3.3638124, 29.3675028)",No,No,No,No,No,No,No,No,No,No,No,No,No,No,No,No,None,Male,28
"(9.0643305, 7.4892974)",No,No,No,No,No,No,No,No,No,No,No,No,No,No,No,No,None,Male,40
"(38.7077926, -9.1365069)",No,Yes,No,No,No,No,No,No,No,No,Yes,No,Yes,No,No,No,College,Male,40
"(31.7791134, 35.2266286)",No,No,No,No,No,Yes,Yes,Yes,No,No,Yes,No,No,Yes,Yes,Yes,College,Male,45
"(35.686172, 51.4223519)",No,No,No,No,No,No,Yes,No,No,No,Yes,Yes,No,No,No,Yes,Some College,Female,29
"(59.9132694, 10.7391112)",Yes,No,No,No,No,No,No,No,Yes,No,No,Yes,No,Yes,No,Yes,Masters,Male,39
"(4.3907153, 18.5509126)",No,No,No,No,No,No,No,No,No,No,No,No,No,No,No,No,None,Female,35
"(-35.2819366, 149.128894)",Yes,Yes,Yes,Yes,No,No,Yes,Yes,Yes,Yes,No,No,No,No,Yes,No,College,Male,28
"(45.8131545, 15.9770298)",Yes,No,No,No,No,No,No,No,No,No,No,No,Yes,No,No,No,Some College,Male,29
"(55.6867243, 12.5700724)",No,No,No,Yes,Yes,No,Yes,Yes,No,No,No,Yes,No,Yes,No,Yes,College,Female,38
"(50.0874654, 14.4212503)",No,No,No,No,No,Yes,No,Yes,No,No,No,No,Yes,No,No,No,Some College,Male,36
"(-8.5536808, 125.5784093)",No,Yes,No,No,No,No,No,No,No,No,No,No,Yes,No,No,No,Some College,Female,31
"(2.0427779, 45.3385636)",Yes,Yes,Yes,Yes,Yes,Yes,Yes,Yes,Yes,Yes,Yes,Yes,Yes,Yes,Yes,Yes,PhD,Male,47
"(33.8959203, 35.47843)",No,No,No,No,No,No,No,Yes,No,No,No,No,No,No,No,Yes,Some College,Male,31
"(24.6319692, 46.7150648)",Yes,Yes,No,No,Yes,No,Yes,No,Yes,Yes,No,No,No,Yes,No,Yes,Some College,Female,35
"(-1.950851, 30.0615075)",No,No,No,No,No,No,No,No,No,No,No,No,No,No,No,No,None,Female,33
"(9.0107934, 38.7612525)",No,No,No,No,No,No,No,No,No,No,No,No,No,No,No,No,None,Male,28
"(-8.4593113, 179.079556571439)",No,No,No,No,No,No,No,No,No,No,No,No,No,No,No,No,High School,Male,32
"(-9.47433, 147.1599504)",No,No,No,No,No,No,No,No,No,No,No,No,No,No,No,No,None,Male,38
"(-13.9734559, 33.7878122)",No,No,No,No,No,No,No,No,No,No,No,No,No,No,No,No,None,Female,33
"(48.1359085, 17.1597440625)",No,No,Yes,No,No,No,No,Yes,Yes,No,No,Yes,No,No,No,No,Some College,Female,50
"(18.0794011, -15.9780392)",No,No,No,No,No,No,No,No,No,No,No,No,No,No,No,No,None,Male,35
"(50.4501071, 30.5240501)",No,No,No,No,No,No,No,No,No,No,No,No,No,No,No,No,None,Female,32
"(27.7087963, 85.3202438)",No,No,No,No,No,No,No,No,No,No,No,No,No,No,No,No,None,Female,34
"(9.0107934, 38.7612525)",No,No,No,No,No,No,No,No,No,No,No,No,No,No,No,No,None,Male,28
"(52.374436, 4.8979956033677)",No,No,No,No,No,Yes,No,No,No,No,No,No,No,No,No,No,Some College,Male,44
"(9.0107934, 38.7612525)",No,No,No,No,No,No,No,No,No,No,No,No,No,No,No,No,None,Female,21
"(32.77325405, 13.4141472054133)",No,No,No,No,No,No,No,No,No,No,No,No,No,No,No,No,High School,Female,30
"(43.9458623, 12.458306)",Yes,Yes,No,No,No,No,Yes,No,No,No,Yes,No,Yes,No,No,Yes,College,Female,37
"(6.8025766, -58.1628611)",No,No,No,No,No,No,No,No,No,No,No,No,No,No,No,No,None,Female,52
"(28.6138967, 77.2159562)",No,No,No,No,No,No,No,No,No,No,No,No,No,No,No,No,None,Female,45
"(13.4998139, 2.10948597212168)",No,No,No,No,No,No,No,No,No,No,No,No,No,No,No,No,None,Female,24
"(19.4325301, -99.1332101)",No,No,No,No,No,No,No,Yes,No,Yes,No,No,No,Yes,Yes,Yes,Some College,Female,40
"(33.5130695, 36.3095814)",No,No,No,No,No,No,No,No,No,No,No,No,No,No,No,No,Some College,Female,28
"(14.6934248, -17.4479376)",No,No,No,No,No,No,No,No,No,No,No,No,No,No,No,No,None,Male,37
"(53.902334, 27.5618791)",No,No,No,No,No,No,No,No,No,No,No,No,No,No,No,No,High School,Male,36
"(2.0427779, 45.3385636)",Yes,Yes,Yes,Yes,Yes,Yes,Yes,Yes,Yes,Yes,Yes,Yes,Yes,Yes,Yes,Yes,PhD,Female,28
"(11.8613244, -15.5830553)",No,No,No,No,No,No,No,No,No,No,No,No,No,No,No,No,None,Male,32
"(2.0427779, 45.3385636)",Yes,Yes,Yes,Yes,Yes,Yes,Yes,Yes,Yes,Yes,Yes,Yes,Yes,Yes,Yes,Yes,PhD,Male,25
"(39.9059631, 116.391248)",No,No,No,No,No,No,Yes,No,No,Yes,Yes,No,No,No,Yes,No,Some College,Female,40
"(4.8895453, 114.9417574)",No,No,No,No,No,No,No,Yes,No,No,Yes,No,No,No,No,Yes,College,Female,40
"(-22.5530385, 17.0543787941499)",No,No,No,No,No,No,No,No,No,No,No,No,No,No,No,No,High School,Male,41
"(18.4801972, -69.9421109)",No,No,No,No,No,No,No,No,No,No,No,No,No,No,No,No,High School,Female,40
"(12.6493194, -8.000337)",No,No,No,No,No,No,No,No,No,No,No,No,No,No,No,No,None,Female,40
"(34.0226709, -6.8391104)",No,No,No,No,No,No,No,No,No,No,No,No,No,No,No,No,High School,Male,40
"(6.8025766, -58.1628611)",No,No,No,No,No,No,No,No,No,No,No,No,No,No,No,No,None,Female,28
"(-11.6931254, 43.2543044)",No,No,No,No,No,No,No,No,No,No,No,No,No,No,No,No,None,Female,48
"(-1.2832532, 36.8172449)",No,No,No,No,No,No,No,No,No,No,No,No,No,No,No,No,None,Female,34
"(5.8216198, -55.1771973)",No,No,No,No,No,No,No,No,No,No,No,No,No,No,No,No,High School,Female,37
"(29.3797091, 47.9735629)",Yes,No,Yes,No,No,Yes,No,Yes,No,No,Yes,Yes,No,Yes,No,No,College,Male,34
"(60.1666277, 24.9435079)",No,No,No,Yes,Yes,Yes,Yes,No,No,No,No,Yes,Yes,No,No,No,College,Female,38
"(12.1191543, 15.0502758)",No,No,No,No,No,No,No,No,No,No,No,No,No,No,No,No,None,Female,32
"(-9.47433, 147.1599504)",No,No,No,No,No,No,No,No,No,No,No,No,No,No,No,No,None,Male,35
"(30.0488185, 31.2436663)",No,No,No,No,No,No,No,Yes,No,No,No,Yes,No,No,No,Yes,Some College,Male,37
"(-34.9059038, -56.1913568)",No,No,No,No,No,No,No,No,No,Yes,No,No,No,No,No,Yes,High School,Female,50
"(39.9059631, 116.391248)",Yes,No,Yes,No,No,No,No,No,No,No,No,No,Yes,No,No,No,Some College,Male,42
"(4.1754179, 73.5102069950142)",No,No,No,No,No,No,No,No,No,No,No,No,No,No,No,No,High School,Female,47
"(37.5666791, 126.9782914)",No,Yes,Yes,No,No,No,No,No,No,Yes,No,No,No,No,No,No,Some College,Female,42
"(6.3280343, -10.7977881)",No,No,No,No,No,No,No,No,No,No,No,No,No,No,No,No,None,Female,35
"(50.4501071, 30.5240501)",No,No,No,No,No,No,No,No,No,No,No,No,No,No,No,No,None,Female,34
"(1.2904527, 103.852038)",No,No,Yes,No,No,No,No,Yes,No,No,Yes,Yes,Yes,No,No,Yes,College,Male,28
"(17.2960919, -62.7223009)",No,No,No,No,No,No,No,No,No,No,No,No,No,Yes,No,No,Some College,Male,39
"(41.9034912, 12.4528349)",No,No,No,No,No,No,No,No,No,No,No,No,No,No,No,No,High School,Female,52
"(48.2083537, 16.3725042)",Yes,No,No,No,Yes,No,Yes,No,No,No,No,Yes,Yes,No,No,No,College,Female,50
"(-20.163728, 57.5045331)",No,No,No,No,No,No,No,No,No,No,No,No,No,No,No,No,High School,Male,33
"(28.6138967, 77.2159562)",No,No,No,No,No,No,No,No,No,No,No,No,No,No,No,No,None,Female,19
"(37.5666791, 126.9782914)",No,No,No,No,No,No,No,Yes,Yes,No,No,No,No,No,No,No,High School,Female,38
"(40.4167047, -3.7035824)",Yes,No,No,No,Yes,No,No,No,No,No,Yes,No,No,No,Yes,Yes,College,Female,28
"(-6.1753941, 106.8271826)",No,No,No,No,No,No,No,No,No,No,No,No,No,No,No,No,None,Female,37
"(12.1461244, -86.2737169)",No,No,No,No,No,No,No,No,No,No,No,No,No,No,No,No,High School,Female,28
"(5.8216198, -55.1771973)",No,No,No,No,No,No,No,No,No,No,No,No,No,No,No,No,High School,Female,25
"(13.6977587, -89.1930099)",No,No,No,No,No,No,No,No,No,No,No,No,No,No,No,No,High School,Male,43
"(23.1379911, -82.3658561)",No,No,No,No,No,No,No,No,No,No,No,No,No,No,No,No,High School,Male,32
"(-21.13434, -175.2018084)",No,No,No,No,No,No,No,No,No,No,No,No,No,No,No,No,High School,Male,46
"(17.1184569, -61.8448508)",Yes,No,No,No,No,No,Yes,Yes,No,No,No,No,No,No,Yes,No,College,Female,37
"(-29.3100535, 27.4782219)",No,No,No,No,No,No,No,No,No,No,No,No,No,No,No,No,None,Female,33
"(46.049865, 14.5068921)",No,No,No,No,No,Yes,Yes,No,No,No,Yes,No,No,No,No,Yes,College,Male,46
"(33.6945756, 73.0643744)",No,No,No,No,No,No,No,No,No,No,No,No,No,No,No,No,None,Male,33
"(38.5762757, 68.786394)",No,No,No,No,No,No,No,No,No,No,No,No,No,No,No,No,None,Male,26
"(32.77325405, 13.4141472054133)",No,No,No,No,No,No,Yes,Yes,No,No,No,No,No,No,No,No,High School,Female,34
"(27.7087963, 85.3202438)",No,No,No,No,No,No,No,No,No,No,No,No,No,No,No,No,None,Male,37
"(6.3280343, -10.7977881)",No,No,No,No,No,No,No,No,No,No,No,No,No,No,No,No,None,Male,36
"(14.6417889, -90.5132238)",No,No,No,No,No,No,No,No,No,No,No,No,No,No,No,No,High School,Female,25
"(12.1461244, -86.2737169)",No,No,No,No,No,No,No,No,No,No,No,No,No,No,No,No,High School,Female,60
"(45.4210328, -75.6900218)",Yes,Yes,No,No,No,No,No,No,Yes,No,No,No,Yes,Yes,No,Yes,College,Male,27
"(33.3024248, 44.3787992)",Yes,Yes,Yes,Yes,Yes,Yes,Yes,Yes,Yes,Yes,Yes,Yes,Yes,Yes,Yes,Yes,PhD,Female,37
"(28.0000272, 2.9999825)",No,No,No,No,No,No,No,No,No,No,No,No,No,No,No,No,High School,Male,43
"(-15.4166966, 28.2813812)",No,No,No,No,No,No,No,No,No,No,No,No,No,No,No,No,None,Male,46
"(38.7077926, -9.1365069)",No,Yes,Yes,Yes,Yes,No,No,No,Yes,Yes,No,No,No,No,No,No,College,Female,19
"(24.6319692, 46.7150648)",No,Yes,No,No,No,No,Yes,No,No,Yes,No,Yes,Yes,No,No,No,Some College,Male,32
"(6.1258459, 1.2249327)",No,No,No,No,No,No,No,No,No,No,No,No,No,No,No,No,None,Male,40
"(17.2960919, -62.7223009)",No,No,No,No,No,No,No,No,No,No,No,No,No,No,No,No,Some College,Female,34
"(34.2255804, 139.294774527387)",Yes,No,Yes,Yes,No,No,Yes,Yes,No,Yes,No,No,No,Yes,Yes,Yes,College,Male,53
"(14.6934248, -17.4479376)",No,No,No,No,No,No,No,No,No,No,No,No,No,No,No,No,None,Female,28
"(-1.950851, 30.0615075)",No,No,No,No,No,No,No,No,No,No,No,No,No,No,No,No,None,Female,39
"(18.4801972, -69.9421109)",No,No,No,No,No,No,No,No,No,No,Yes,No,No,No,No,No,High School,Male,45
"(48.2083537, 16.3725042)",Yes,Yes,No,Yes,Yes,No,No,Yes,Yes,Yes,Yes,Yes,No,Yes,No,Yes,College,Male,40
"(20.9749006, 105.675563063679)",No,No,No,No,No,No,No,No,No,No,No,No,No,No,No,No,None,Female,35
"(11.5742555, 104.82899544331)",No,No,No,No,No,No,No,No,No,No,No,No,No,No,No,No,None,Female,24
"(34.2255804, 139.294774527387)",No,Yes,Yes,Yes,No,No,No,Yes,Yes,No,No,No,Yes,Yes,No,Yes,College,Female,29
"(15.5933247, 32.5356502)",No,No,No,No,No,No,No,No,No,No,No,No,No,No,No,No,None,Female,53
"(14.0931919, -87.201263)",No,No,No,No,No,No,No,No,No,No,No,No,No,No,No,No,High School,Female,48
"(19.4325301, -99.1332101)",No,Yes,No,No,No,No,No,No,No,No,No,Yes,No,No,No,No,Some College,Male,42
"(15.5933247, 32.5356502)",No,No,No,No,No,No,No,No,No,No,No,No,No,No,No,No,None,Female,36
"(5.5600141, -0.2057436)",No,No,No,No,No,No,No,No,No,No,No,No,No,No,No,No,None,Female,36
"(34.0226709, -6.8391104)",No,No,No,No,No,No,No,No,No,No,No,No,No,No,No,No,High School,Female,29
"(3.1570976, 101.7009528)",No,No,No,No,No,No,No,No,No,No,No,No,No,No,No,No,High School,Male,32
"(27.7087963, 85.3202438)",No,No,No,No,No,No,No,No,No,No,No,No,No,No,No,No,None,Female,45
"(-33.4377967, -70.650445)",No,No,No,No,No,No,No,No,No,No,No,No,No,No,No,No,High School,Male,32
"(11.5742555, 104.82899544331)",No,No,No,No,No,No,No,No,No,No,No,No,No,No,No,No,None,Female,33
"(10.6572678, -61.5180172)",No,No,No,No,No,No,No,Yes,No,No,No,No,No,No,No,No,Some College,Male,25
"(-41.2887638, 174.7772239)",Yes,No,No,Yes,Yes,No,No,Yes,No,Yes,No,Yes,Yes,No,No,No,College,Male,45
"(27.7087963, 85.3202438)",No,No,No,No,No,No,No,No,No,No,No,No,No,No,No,No,None,Male,22
"(52.2319237, 21.0067265)",No,Yes,No,No,No,Yes,Yes,No,Yes,No,No,No,No,No,No,No,Some College,Female,44
"(-26.3257446, 31.144663)",No,No,No,No,No,No,No,No,No,No,No,No,No,No,No,No,High School,Female,31
"(44.4361414, 26.1027443)",No,No,No,No,No,No,No,No,Yes,No,No,No,No,No,No,No,High School,Male,43
"(44.4361414, 26.1027443)",No,No,No,No,No,No,No,No,No,No,No,No,No,No,No,No,High School,Female,33
"(17.9712148, -76.7928127)",No,No,No,No,No,No,No,No,No,No,No,No,No,No,No,No,High School,Female,28
"(-18.9100121, 47.5255809)",No,No,No,No,No,No,No,No,No,No,No,No,No,No,No,No,None,Female,22
"(8.4790017, -13.2680157)",No,No,No,No,No,No,No,No,No,No,No,No,No,No,No,No,None,Female,37
"(53.902334, 27.5618791)",No,No,No,No,No,No,No,No,No,No,No,No,No,No,No,No,High School,Female,27
"(15.2984622, -61.3875048)",No,No,No,No,No,No,No,No,No,No,No,No,No,No,No,No,High School,Male,34
"(39.9059631, 116.391248)",Yes,Yes,No,Yes,Yes,Yes,No,Yes,No,Yes,Yes,Yes,Yes,Yes,Yes,Yes,College,Female,32
"(52.374436, 4.8979956033677)",No,No,No,No,No,No,No,No,No,No,Yes,No,No,No,No,No,Some College,Male,32
"(17.250283, -88.7694262)",No,No,No,No,No,No,No,Yes,No,No,No,No,No,No,No,No,High School,Male,45
"(-12.045827, -77.0304844)",No,No,No,No,No,No,No,No,No,No,No,No,No,No,No,No,High School,Male,38
"(4.5980478, -74.0760866)",No,No,No,No,No,No,No,No,No,No,No,No,No,No,No,No,High School,Female,36
"(39.9059631, 116.391248)",No,No,No,No,No,No,No,No,No,No,Yes,No,No,No,No,Yes,Some College,Male,23
"(13.5859219, 100.416086601645)",No,No,No,No,No,No,No,No,No,No,No,No,No,No,No,No,High School,Male,27
"(14.6417889, -90.5132238)",No,No,No,No,No,No,No,No,No,No,No,No,No,No,No,No,High School,Female,31
"(50.4501071, 30.5240501)",No,No,No,No,No,No,No,No,No,No,No,No,No,No,No,No,None,Male,33
"(44.8178787, 20.4568089)",No,No,No,No,No,No,No,No,No,No,No,No,No,No,No,No,High School,Male,32
"(-19.0478619, -65.2596022)",No,No,No,No,No,No,No,No,No,No,No,No,No,No,No,No,None,Male,42
"(33.8959203, 35.47843)",No,No,Yes,No,Yes,Yes,No,No,No,No,No,No,No,No,Yes,Yes,Some College,Female,36
"(46.049865, 14.5068921)",No,No,No,No,Yes,No,Yes,Yes,No,Yes,Yes,No,No,No,No,Yes,College,Female,30
"(6.8025766, -58.1628611)",No,No,No,No,No,No,No,No,No,No,No,No,No,No,No,No,None,Female,45
"(30.0488185, 31.2436663)",No,No,No,No,No,No,No,No,No,No,No,No,Yes,No,No,No,Some College,Female,43
"(-0.5454277, 166.9220436)",Yes,No,No,No,No,No,No,No,Yes,No,No,No,No,No,No,No,Some College,Female,31
"(52.374436, 4.8979956033677)",Yes,No,Yes,Yes,No,No,No,No,No,No,Yes,No,No,Yes,No,No,Some College,Female,33
"(48.2083537, 16.3725042)",No,No,No,No,No,Yes,No,Yes,No,No,Yes,No,Yes,No,Yes,No,College,Male,32
"(33.6945756, 73.0643744)",No,No,No,No,No,No,No,No,No,No,No,No,No,No,No,No,None,Female,47
"(23.5997857, 58.5451305)",No,No,No,No,No,Yes,No,Yes,No,No,No,No,No,No,No,No,Some College,Male,34
"(47.1392862, 9.5227962)",No,Yes,No,Yes,No,Yes,Yes,Yes,No,Yes,Yes,No,Yes,No,Yes,Yes,PhD,Male,46
"(0.3389242, 6.7313031)",No,No,No,No,No,No,Yes,No,No,Yes,Yes,No,No,No,No,No,Some College,Male,21
"(-1.2832532, 36.8172449)",No,No,No,No,No,No,No,No,No,No,No,No,No,No,No,No,None,Male,42
"(50.4501071, 30.5240501)",No,No,No,No,No,No,No,No,No,No,No,No,No,No,No,No,None,Female,27
"(52.2319237, 21.0067265)",No,No,No,No,Yes,No,No,No,No,No,No,No,Yes,No,No,No,Some College,Male,30
"(0.3900022, 9.4540009)",No,No,Yes,No,No,No,No,No,No,No,No,No,No,No,Yes,No,High School,Female,38
"(3.8689867, 11.5213344)",No,No,No,No,No,No,No,No,No,No,No,No,No,No,No,No,None,Male,27
"(30.1600827, -85.6545728)",No,No,No,No,No,No,Yes,No,No,No,No,No,No,No,No,No,High School,Male,28
"(13.4553495, -16.5756456)",No,No,No,No,No,No,No,No,Yes,No,No,No,No,No,No,No,Some College,Male,51
"(33.5130695, 36.3095814)",No,Yes,Yes,No,No,Yes,No,No,No,No,No,No,No,Yes,Yes,No,Some College,Male,34
"(13.5859219, 100.416086601645)",No,No,No,No,No,No,No,No,No,No,No,No,No,No,No,No,High School,Female,32
"(6.8025766, -58.1628611)",No,No,No,No,No,No,No,No,No,No,No,No,No,No,No,No,None,Male,29
"(19.7540045, 96.1344976)",Yes,Yes,Yes,Yes,Yes,Yes,Yes,Yes,Yes,Yes,Yes,Yes,Yes,Yes,Yes,Yes,PhD,Male,24
"(-6.1753941, 106.8271826)",No,No,No,No,No,No,No,No,No,No,No,No,No,No,No,No,None,Female,32
"(14.9160169, -23.5096131)",No,No,No,No,No,No,No,No,No,Yes,No,No,No,No,No,No,Some College,Male,41
"(33.8439408, 9.400138)",No,No,No,No,No,No,No,No,No,No,No,No,No,No,No,No,High School,Female,60
"(18.547327, -72.3395927)",No,No,No,No,No,No,No,No,No,No,No,No,No,No,No,No,None,Female,38
"(17.2960919, -62.7223009)",No,Yes,No,Yes,Yes,Yes,No,No,No,No,No,No,No,No,Yes,Yes,Some College,Female,41
"(42.5069391, 1.5212467)",No,No,No,No,No,No,Yes,Yes,No,Yes,Yes,No,Yes,No,No,Yes,College,Male,35
"(-12.045827, -77.0304844)",No,No,No,No,No,No,No,No,No,No,No,No,No,No,No,No,High School,Female,27
"(42.4415238, 19.2621081)",No,No,No,No,No,No,No,No,No,No,No,No,No,No,No,No,High School,Male,41
"(13.6977587, -89.1930099)",No,No,No,No,No,No,No,No,No,No,No,No,No,No,No,No,High School,Male,39
"(-41.2887638, 174.7772239)",No,No,No,No,Yes,No,Yes,No,No,No,No,No,Yes,Yes,No,Yes,College,Male,22
"(5.8216198, -55.1771973)",No,No,No,No,No,No,No,No,No,No,No,No,No,No,No,No,High School,Male,23
"(14.0931919, -87.201263)",No,No,No,No,No,No,No,No,No,No,No,No,No,No,No,No,High School,Male,31
"(12.1191543, 15.0502758)",No,No,No,No,No,No,No,No,No,No,No,No,No,No,No,No,None,Female,39
"(-17.7414971, 168.3150163)",No,No,No,No,No,No,No,No,No,No,No,No,No,No,No,No,High School,Male,35
"(44.4361414, 26.1027443)",No,No,No,No,No,No,No,No,No,No,No,No,No,No,No,No,High School,Female,34
"(39.9220732, 32.853758)",No,No,No,No,No,No,No,No,No,No,No,No,No,No,No,Yes,High School,Female,35
"(-8.5536808, 125.5784093)",No,Yes,Yes,No,Yes,No,No,No,No,No,No,No,No,No,No,No,Some College,Female,35
"(19.7540045, 96.1344976)",Yes,Yes,Yes,Yes,Yes,Yes,Yes,Yes,Yes,Yes,Yes,Yes,Yes,Yes,Yes,Yes,PhD,Female,46
"(53.902334, 27.5618791)",No,No,No,No,No,No,No,No,No,No,No,No,No,No,No,No,High School,Male,36
"(42.8767446, 74.6069949)",No,No,Yes,No,No,Yes,No,No,No,No,Yes,No,No,No,Yes,No,Some College,Male,23
"(15.2984622, -61.3875048)",No,No,No,No,No,No,No,No,No,No,No,No,No,No,No,No,High School,Female,37
"(34.2255804, 139.294774527387)",No,Yes,No,No,No,No,No,Yes,No,Yes,Yes,No,No,Yes,No,No,College,Male,35
"(-15.4166966, 28.2813812)",No,No,No,No,No,No,No,No,No,No,No,No,No,No,No,No,None,Male,38
"(56.9493977, 24.1051846)",No,No,No,No,No,No,No,No,No,No,No,Yes,No,No,No,No,High School,Female,28
"(18.547327, -72.3395927)",No,No,No,No,No,No,No,No,No,No,No,No,No,No,No,No,None,Female,36
"(25.3014957, 51.4996673988223)",Yes,No,No,No,Yes,Yes,No,Yes,No,No,No,Yes,Yes,No,No,No,College,Male,47
"(45.8131545, 15.9770298)",No,No,No,No,No,No,No,No,No,No,No,No,No,No,Yes,No,Some College,Female,33
"(59.9132694, 10.7391112)",No,No,No,Yes,No,No,No,Yes,Yes,Yes,Yes,Yes,No,Yes,No,Yes,Masters,Male,39
"(37.9841493, 23.7279843)",Yes,No,No,No,No,No,No,No,No,No,No,No,Yes,No,Yes,No,College,Female,30
"(47.4983815, 19.0404707)",No,No,Yes,No,Yes,No,No,Yes,No,No,Yes,No,No,No,No,No,Some College,Male,50
"(-13.9734559, 33.7878122)",No,No,No,No,No,No,No,No,No,No,No,No,No,No,No,No,None,Male,41
"(8.4790017, -13.2680157)",No,No,No,No,No,No,No,No,No,No,No,No,No,No,No,No,None,Female,35
"(-25.9662132, 32.5674498)",No,No,No,No,No,No,No,No,No,No,No,No,No,No,No,No,None,Female,42
"(23.5997857, 58.5451305)",Yes,No,No,No,No,No,Yes,No,No,No,No,No,No,No,No,No,Some College,Female,21
"(15.342101, 44.2005197)",No,No,No,Yes,No,No,No,Yes,Yes,No,No,Yes,No,No,No,No,Some College,Male,43
"(-22.5530385, 17.0543787941499)",No,No,No,No,No,No,No,No,No,No,No,No,No,No,No,No,High School,Male,29
"(14.0931919, -87.201263)",No,No,No,No,No,No,No,No,No,No,No,No,No,No,No,No,High School,Male,32
"(-18.9100121, 47.5255809)",No,No,No,No,No,No,No,No,No,No,No,No,No,No,No,No,None,Female,21
"(11.8613244, -15.5830553)",No,No,No,No,No,No,No,No,No,No,No,No,No,No,No,No,None,Female,26
"(-26.3257446, 31.144663)",No,No,No,No,No,No,No,No,No,No,No,No,No,No,No,No,High School,Male,38
"(50.4501071, 30.5240501)",No,No,No,No,No,No,No,No,No,No,No,No,No,No,No,No,None,Female,41
"(51.15092055, 71.4388595154859)",No,No,No,No,No,No,No,No,No,No,No,No,No,No,No,No,High School,Male,22
"(6.920744, 158.1627143)",No,No,No,No,No,No,No,No,No,No,No,No,Yes,Yes,No,No,Some College,Male,29
"(50.4501071, 30.5240501)",No,No,No,No,No,No,No,No,No,No,No,No,No,No,No,No,None,Male,25
"(39.9220732, 32.853758)",No,No,No,No,No,No,No,No,No,No,No,No,No,No,No,No,High School,Male,41
"(-13.9734559, 33.7878122)",No,No,No,No,No,No,No,No,No,No,No,No,No,No,No,No,None,Female,34
"(-21.13434, -175.2018084)",No,No,No,No,No,No,No,No,No,No,No,No,No,No,No,No,High School,Male,24
"(27.5626719, 89.5724019168216)",No,No,No,No,No,No,No,No,No,No,No,No,No,No,No,No,None,Female,30
"(51.5073219, -0.1276473)",No,No,Yes,Yes,Yes,No,Yes,No,Yes,No,No,No,No,No,Yes,Yes,College,Male,41
"(48.1359085, 17.1597440625)",No,No,No,No,No,Yes,No,No,No,No,No,No,Yes,Yes,No,No,Some College,Male,45
"(5.8216198, -55.1771973)",No,No,No,No,No,No,No,No,No,No,No,No,No,No,No,No,High School,Female,41
"(15.5933247, 32.5356502)",No,No,No,No,No,No,No,No,No,No,No,No,No,No,No,No,None,Male,28
"(6.3280343, -10.7977881)",No,No,No,No,No,No,No,No,No,No,No,No,No,No,No,No,None,Female,45
"(14.0931919, -87.201263)",No,No,No,No,No,No,No,No,No,No,No,No,No,No,No,No,High School,Female,30
"(-21.13434, -175.2018084)",No,No,No,No,No,No,No,No,No,No,No,No,No,No,No,No,High School,Male,44
"(14.0931919, -87.201263)",No,No,No,No,No,No,No,No,No,No,No,No,No,No,No,No,High School,Male,44
"(35.1739302, 33.364726)",Yes,Yes,Yes,No,No,No,No,No,No,Yes,No,No,No,No,Yes,No,College,Female,28
"(17.1184569, -61.8448508)",No,No,No,No,No,Yes,No,Yes,No,No,No,Yes,No,No,Yes,No,College,Female,40
"(33.5130695, 36.3095814)",No,No,No,No,No,Yes,No,Yes,No,No,No,No,No,No,No,No,Some College,Male,31
"(6.8025766, -58.1628611)",No,No,No,No,No,No,No,No,No,No,No,No,No,No,No,No,None,Male,38
"(-25.9662132, 32.5674498)",No,No,No,No,No,No,No,No,No,No,No,No,No,No,No,No,None,Male,23
"(51.15092055, 71.4388595154859)",No,No,No,No,No,No,No,No,No,No,No,No,No,No,No,No,High School,Male,21
"(35.8987546, 14.5134889)",Yes,Yes,No,Yes,Yes,No,Yes,Yes,No,No,No,No,No,No,No,No,College,Female,22
"(3.1570976, 101.7009528)",No,No,No,No,No,No,No,No,No,No,No,No,No,No,No,No,High School,Female,31
"(-18.9100121, 47.5255809)",No,No,No,No,No,No,No,No,No,No,No,No,No,No,No,No,None,Male,31
"(-29.3100535, 27.4782219)",No,No,No,No,No,No,No,No,No,No,No,No,No,No,No,No,None,Female,40
"(-21.13434, -175.2018084)",No,No,No,No,No,No,No,No,No,No,No,No,No,No,No,No,High School,Female,44
"(50.0874654, 14.4212503)",No,No,No,No,No,No,No,No,No,No,Yes,No,No,Yes,No,No,Some College,Female,23
"(50.4501071, 30.5240501)",No,No,No,No,No,No,No,No,No,No,No,No,No,No,No,No,None,Female,32
"(47.949809, 106.966724193881)",No,No,No,No,No,No,No,No,No,No,No,No,No,No,No,No,None,Male,31
"(47.949809, 106.966724193881)",No,No,No,No,No,No,No,No,No,No,No,No,No,No,No,No,None,Male,30
"(-11.6931254, 43.2543044)",No,No,No,No,No,No,No,No,No,No,No,No,No,No,No,No,None,Male,40
"(48.2083537, 16.3725042)",Yes,Yes,No,No,Yes,No,No,No,No,Yes,No,Yes,Yes,No,No,No,College,Female,26
"(13.6977587, -89.1930099)",No,No,No,No,No,No,No,No,No,No,No,Yes,No,No,No,No,High School,Female,44
"(-1.2832532, 36.8172449)",No,No,No,No,No,No,No,No,No,No,No,No,No,No,No,No,None,Male,33
"(8.4790017, -13.2680157)",No,No,No,No,No,No,No,No,No,No,No,No,No,No,No,No,None,Male,34
"(-12.045827, -77.0304844)",No,No,No,No,No,No,No,No,No,No,No,No,No,No,No,No,High School,Female,31
"(40.1776121, 44.5125849)",No,No,No,No,No,No,No,No,No,No,No,No,No,No,No,No,None,Female,32
"(32.77325405, 13.4141472054133)",No,No,No,No,No,No,No,No,No,No,No,No,No,No,No,No,High School,Male,32
"(11.5936649, 43.1472403)",No,No,No,No,No,No,No,No,No,No,No,No,No,No,No,No,None,Female,38
"(4.3907153, 18.5509126)",No,No,No,No,No,No,No,No,No,No,No,No,No,No,No,No,None,Male,32
"(-4.6219495, 55.4533145)",No,No,No,No,No,No,No,Yes,No,Yes,No,No,No,No,No,No,Some College,Female,32
"(53.902334, 27.5618791)",No,No,No,No,No,No,No,No,No,No,No,No,No,No,No,No,High School,Male,41
"(-13.9734559, 33.7878122)",No,No,No,No,No,No,No,No,No,No,No,No,No,No,No,No,None,Male,44
"(-22.5530385, 17.0543787941499)",No,No,No,No,No,No,No,No,No,No,No,No,No,No,No,No,High School,Male,42
"(27.7087963, 85.3202438)",No,No,No,No,No,No,No,No,No,No,No,No,No,No,No,No,None,Female,43
"(12.0535331, -61.7518049)",No,No,No,No,No,No,No,No,No,No,No,No,No,No,No,No,Some College,Female,30
"(13.0977832, -59.6184183)",Yes,No,No,No,No,No,No,Yes,No,Yes,No,Yes,No,No,No,No,College,Male,35
"(28.0000272, 2.9999825)",No,No,No,No,No,No,No,No,No,No,No,No,No,No,No,No,High School,Male,36
"(42.8767446, 74.6069949)",Yes,No,No,No,No,No,No,No,Yes,Yes,No,Yes,No,No,No,No,Some College,Male,29
"(25.3014957, 51.4996673988223)",No,Yes,No,No,No,No,Yes,No,Yes,Yes,No,No,Yes,No,No,Yes,College,Male,33
"(39.9059631, 116.391248)",No,Yes,No,No,No,Yes,Yes,No,No,No,Yes,No,No,Yes,No,No,Some College,Female,29
"(12.3681481, -1.5270852)",No,No,No,No,No,No,No,No,No,No,No,No,No,No,No,No,None,Male,29
"(-12.045827, -77.0304844)",No,No,No,No,No,No,No,No,No,No,No,No,No,No,No,No,High School,Female,48
"(14.6417889, -90.5132238)",No,No,No,No,No,No,No,No,No,No,No,No,No,No,No,No,High School,Male,33
"(40.1776121, 44.5125849)",No,No,No,No,No,No,No,No,No,No,No,No,No,No,No,No,None,Female,38
"(14.5906216, 120.9799696)",No,No,No,No,No,No,No,No,No,No,No,No,No,No,No,No,PhD,Female,38
"(-33.4377967, -70.650445)",No,No,No,No,No,No,No,No,No,No,Yes,No,No,No,No,No,High School,Female,43
"(14.9160169, -23.5096131)",Yes,No,No,Yes,No,Yes,No,No,No,No,No,No,No,No,No,No,Some College,Female,36
"(33.6945756, 73.0643744)",No,No,No,No,No,No,No,No,No,No,No,No,No,No,No,No,None,Male,43
"(-1.950851, 30.0615075)",No,No,No,No,No,No,No,No,No,No,No,No,No,No,No,No,None,Male,47
"(-12.045827, -77.0304844)",No,No,No,No,No,No,No,No,No,No,No,No,No,No,No,No,High School,Male,30
"(-9.431297, 159.9552773)",No,No,No,No,No,No,No,No,No,No,No,No,No,No,No,No,None,Female,26
"(41.9960424, 21.4316707)",No,No,No,No,No,No,No,No,No,No,Yes,No,No,No,Yes,No,Some College,Female,24
"(5.8216198, -55.1771973)",No,No,No,No,No,No,No,No,No,No,No,No,No,No,No,No,High School,Male,40
"(-4.2694406, 15.2712256)",No,Yes,No,No,No,No,No,No,No,No,No,No,No,No,Yes,No,Some College,Female,31
"(-33.4377967, -70.650445)",No,No,No,No,No,No,No,No,Yes,No,No,No,No,Yes,No,No,High School,Female,27
"(48.2083537, 16.3725042)",No,Yes,Yes,No,Yes,Yes,No,No,No,No,No,Yes,No,No,Yes,No,College,Male,23
"(52.5170365, 13.3888599)",Yes,No,No,Yes,No,Yes,No,No,No,Yes,No,Yes,Yes,No,No,Yes,College,Male,36
"(15.3389974, 38.9326725)",No,No,No,No,No,No,No,No,No,No,No,No,No,No,No,No,None,Female,26
"(43.8519774, 18.3866868)",No,No,No,No,No,No,No,No,No,No,No,No,No,No,No,No,High School,Male,38
"(6.1258459, 1.2249327)",No,No,No,No,No,No,No,No,No,No,No,No,No,No,No,No,None,Male,41
"(14.5906216, 120.9799696)",No,No,No,No,No,No,No,No,No,No,No,No,No,No,No,No,PhD,Female,33
"(39.9220732, 32.853758)",No,No,No,No,No,No,No,No,No,No,No,No,No,No,No,Yes,High School,Male,46
"(47.0122737, 28.8605936)",No,No,No,No,No,No,No,No,No,No,No,No,No,No,No,No,None,Male,26
"(9.0107934, 38.7612525)",No,No,No,No,No,No,No,No,No,No,No,No,No,No,No,No,None,Male,40
"(19.7540045, 96.1344976)",Yes,Yes,Yes,Yes,Yes,Yes,Yes,Yes,Yes,Yes,Yes,Yes,Yes,Yes,Yes,Yes,PhD,Female,43
"(-12.045827, -77.0304844)",No,No,No,No,No,No,No,No,No,No,No,No,No,No,No,No,High School,Female,33
"(-6.179118, 35.7468174)",No,No,No,No,No,No,No,No,No,No,No,No,No,No,No,No,None,Female,28
"(39.9059631, 116.391248)",Yes,No,No,No,No,Yes,No,No,No,No,No,No,Yes,No,No,No,Some College,Female,31
"(51.5073219, -0.1276473)",Yes,No,No,No,No,No,Yes,No,No,No,No,No,No,Yes,Yes,No,College,Male,30
"(44.4361414, 26.1027443)",No,No,No,No,No,No,No,No,No,No,No,No,No,No,No,No,High School,Female,37
"(6.1258459, 1.2249327)",No,No,No,No,No,No,No,No,No,No,No,No,No,No,No,No,None,Female,39
"(43.7311424, 7.4197576)",Yes,Yes,Yes,No,Yes,Yes,Yes,No,Yes,Yes,Yes,No,No,Yes,No,No,PhD,Male,42
"(41.6935247, 44.8015019)",No,No,No,No,No,No,No,No,No,No,No,No,No,No,No,No,None,Female,43
"(24.4747961, 54.3705762)",No,Yes,Yes,Yes,No,Yes,Yes,Yes,Yes,No,No,No,Yes,Yes,Yes,No,College,Female,44
"(38.7077926, -9.1365069)",Yes,Yes,No,Yes,No,No,No,No,No,No,Yes,No,No,No,No,No,College,Male,37
"(59.4372155, 24.7453688)",No,No,Yes,No,No,No,No,No,No,No,No,No,Yes,No,No,No,Some College,Female,32
"(27.5626719, 89.5724019168216)",No,No,No,No,No,No,No,No,No,No,No,No,No,No,No,No,None,Male,53
"(34.5197058, 69.1624302)",No,No,No,No,No,No,No,No,No,No,No,No,No,No,No,No,None,Male,29
"(-29.3100535, 27.4782219)",No,No,No,No,No,No,No,No,No,No,No,No,No,No,No,No,None,Female,21
"(12.1191543, 15.0502758)",No,No,No,No,No,No,No,No,No,No,No,No,No,No,No,No,None,Female,24
"(11.5742555, 104.82899544331)",No,No,No,No,No,No,No,No,No,No,No,No,No,No,No,No,None,Female,53
"(0.3177137, 32.5813539)",No,No,No,No,No,No,No,No,No,No,No,No,No,No,No,No,None,Male,42
"(47.4983815, 19.0404707)",No,No,No,No,No,No,No,No,No,No,No,No,No,No,No,No,Some College,Male,40
"(-25.9662132, 32.5674498)",No,No,No,No,No,No,No,No,No,No,No,No,No,No,No,No,None,Male,29
"(48.2083537, 16.3725042)",No,Yes,No,Yes,No,No,No,Yes,No,Yes,No,Yes,No,Yes,Yes,No,College,Male,36
"(13.5859219, 100.416086601645)",No,No,No,No,No,No,No,No,No,No,No,No,No,No,No,No,High School,Female,25
"(9.0107934, 38.7612525)",No,No,No,No,No,No,No,No,No,No,No,No,No,No,No,No,None,Male,30
"(52.374436, 4.8979956033677)",Yes,Yes,No,No,No,No,No,No,No,No,No,No,No,No,No,No,Some College,Female,38
"(20.9749006, 105.675563063679)",No,No,No,No,No,No,No,No,No,No,No,No,No,No,No,No,None,Male,49
"(48.8566101, 2.3514992)",No,Yes,Yes,No,Yes,No,No,No,No,Yes,Yes,Yes,No,Yes,No,No,College,Female,32
"(56.9493977, 24.1051846)",No,No,No,No,No,No,No,No,No,No,No,No,No,Yes,No,No,High School,Female,34
"(48.1359085, 17.1597440625)",No,No,No,No,No,Yes,No,Yes,No,No,No,Yes,Yes,No,Yes,No,Some College,Male,50
"(14.6934248, -17.4479376)",No,No,No,No,No,No,No,No,No,No,No,No,No,No,No,No,None,Male,38
"(-9.431297, 159.9552773)",No,No,No,No,No,No,No,No,No,No,No,No,No,No,No,No,None,Male,32
"(9.0643305, 7.4892974)",No,No,No,No,No,No,No,No,No,No,No,No,No,No,No,No,None,Male,38
"(-10.3333332, -53.1999999)",No,No,No,No,No,No,No,No,No,No,No,No,No,No,No,No,High School,Male,34
"(48.1359085, 17.1597440625)",No,No,No,No,No,No,Yes,No,No,No,No,No,No,Yes,No,No,Some College,Female,25
"(1.2904527, 103.852038)",No,No,Yes,Yes,No,No,Yes,No,No,No,Yes,Yes,Yes,Yes,Yes,Yes,College,Female,47
"(39.9220732, 32.853758)",No,No,No,No,No,No,No,No,No,Yes,No,No,No,No,No,No,High School,Male,40
"(53.3497645, -6.2602731)",Yes,No,Yes,No,No,No,No,Yes,Yes,No,No,No,No,No,No,Yes,Some College,Male,45
"(38.5762757, 68.786394)",No,No,No,No,No,No,No,No,No,No,No,No,No,No,No,No,None,Male,39
"(24.6319692, 46.7150648)",No,No,Yes,No,No,Yes,Yes,No,No,No,No,No,No,Yes,No,Yes,Some College,Female,25
"(23.1379911, -82.3658561)",No,No,No,No,No,No,No,No,No,No,No,No,No,No,No,No,High School,Female,38
"(44.8178787, 20.4568089)",No,No,No,No,No,No,No,No,No,No,No,No,No,No,No,No,High School,Female,45
"(13.1561864, -61.227962)",No,Yes,No,Yes,No,No,Yes,No,Yes,Yes,No,Yes,Yes,No,No,No,Some College,Male,35
"(-24.6553194, 25.9087281)",No,No,No,No,No,No,No,No,No,No,No,No,No,No,No,No,High School,Female,27
"(3.1570976, 101.7009528)",No,No,No,Yes,No,No,No,No,No,No,No,No,No,No,No,No,High School,Female,42
"(5.8216198, -55.1771973)",No,No,No,No,No,No,No,No,No,No,No,No,No,No,No,No,High School,Male,42
"(44.4361414, 26.1027443)",No,No,No,No,No,No,No,No,No,No,No,No,No,No,No,No,High School,Female,41
"(47.4983815, 19.0404707)",No,No,No,No,No,No,No,No,No,No,No,No,No,No,No,No,Some College,Male,40
"(48.1359085, 17.1597440625)",No,Yes,No,Yes,No,No,No,No,No,No,No,No,No,Yes,No,Yes,Some College,Male,26
"(-1.950851, 30.0615075)",No,No,No,No,No,No,No,No,No,No,No,No,No,No,No,No,None,Male,31
"(47.949809, 106.966724193881)",No,No,No,No,No,No,No,No,No,No,No,No,No,No,No,No,None,Female,20
"(-25.7458368, 28.1867178)",No,No,No,No,No,No,No,No,No,No,No,No,No,No,No,No,High School,Male,23
"(8.4790017, -13.2680157)",No,No,No,No,No,No,No,No,No,No,No,No,No,No,No,No,None,Male,35
"(32.77325405, 13.4141472054133)",No,No,Yes,No,No,No,No,No,No,No,No,No,No,No,No,No,High School,Female,29
"(64.145981, -21.9422366)",No,No,No,Yes,No,No,Yes,Yes,No,No,Yes,Yes,No,No,Yes,No,College,Female,31
"(9.0643305, 7.4892974)",No,No,No,No,No,No,No,No,No,No,No,No,No,No,No,No,None,Male,29
"(-15.4166966, 28.2813812)",No,No,No,No,No,No,No,No,No,No,No,No,No,No,No,No,None,Female,33
"(18.4801972, -69.9421109)",No,No,No,No,No,No,No,No,No,No,No,No,No,No,No,No,High School,Female,44
"(0.3177137, 32.5813539)",No,No,No,No,No,No,No,No,No,No,No,No,No,No,No,No,None,Male,43
"(37.5666791, 126.9782914)",No,No,Yes,No,No,No,No,No,No,Yes,No,Yes,No,No,No,No,Some College,Female,28
"(4.3907153, 18.5509126)",No,No,No,No,No,No,No,No,No,No,No,No,No,No,No,No,None,Female,30
"(33.5130695, 36.3095814)",No,No,No,No,No,No,No,No,No,Yes,No,No,No,No,No,No,Some College,Male,35
"(6.1258459, 1.2249327)",No,No,No,No,No,No,No,No,No,No,No,No,No,No,No,No,None,Female,41
"(19.4325301, -99.1332101)",No,Yes,No,Yes,No,No,No,Yes,No,No,No,No,Yes,No,No,Yes,Some College,Female,39
"(59.9132694, 10.7391112)",No,No,Yes,Yes,No,No,No,Yes,No,Yes,No,Yes,No,No,No,No,Masters,Male,42
"(-25.2959915, -57.6311195)",No,No,No,No,No,No,No,No,No,No,No,No,No,No,No,No,High School,Male,38
"(12.1461244, -86.2737169)",No,No,No,No,No,No,No,No,No,No,No,No,No,No,No,No,High School,Female,39
"(4.1754179, 73.5102069950142)",No,No,No,No,No,No,No,No,No,No,No,No,No,No,No,No,High School,Female,39
"(13.5859219, 100.416086601645)",No,No,No,No,No,No,No,No,No,No,No,No,No,No,No,No,High School,Female,34
"(4.5980478, -74.0760866)",No,No,No,No,No,No,No,No,No,No,No,No,No,No,No,No,High School,Female,39
"(32.77325405, 13.4141472054133)",No,No,No,No,No,No,No,No,No,No,No,No,No,No,No,No,High School,Female,36
"(6.1258459, 1.2249327)",No,No,No,No,No,No,No,No,No,No,No,No,No,No,No,No,None,Male,35
"(-20.163728, 57.5045331)",No,No,No,Yes,No,No,No,No,No,No,No,No,No,No,No,No,High School,Male,42
"(-8.5536808, 125.5784093)",Yes,No,No,No,No,Yes,No,No,Yes,Yes,No,No,No,No,No,No,Some College,Male,41
"(25.0783456, -77.338333)",No,No,No,No,No,No,No,No,No,No,Yes,Yes,No,No,No,No,Some College,Male,28
"(8.4790017, -13.2680157)",No,No,No,No,No,No,No,No,No,No,No,No,No,No,No,No,None,Male,36
"(56.9493977, 24.1051846)",No,No,No,No,No,Yes,No,No,No,No,No,No,No,No,No,No,High School,Female,40
"(-33.4377967, -70.650445)",No,No,No,No,No,No,No,No,No,No,No,No,No,No,No,Yes,High School,Male,43
"(50.8465565, 4.351697)",No,No,Yes,No,Yes,No,Yes,Yes,No,No,No,No,No,No,Yes,Yes,College,Male,34
"(39.07984925, 125.801457340332)",Yes,No,No,No,No,No,No,No,No,No,No,Yes,No,Yes,No,No,Some College,Male,36
"(3.8689867, 11.5213344)",No,No,No,No,No,No,No,No,No,No,No,No,No,No,No,No,None,Male,41
"(11.5742555, 104.82899544331)",No,No,No,No,No,No,No,No,No,No,No,No,No,No,No,No,None,Female,29
"(47.949809, 106.966724193881)",No,No,No,No,No,No,No,No,No,No,No,No,No,No,No,No,None,Male,42
"(1.2904527, 103.852038)",No,No,Yes,No,Yes,No,Yes,No,Yes,No,No,Yes,No,Yes,Yes,Yes,College,Male,52
"(33.8439408, 9.400138)",No,No,No,No,No,No,No,No,No,No,No,No,No,No,No,No,High School,Female,43
"(3.1570976, 101.7009528)",No,No,No,No,Yes,No,No,No,No,No,No,No,No,No,No,No,High School,Male,41
"(12.1191543, 15.0502758)",No,No,No,No,No,No,No,No,No,No,No,No,No,No,No,No,None,Male,28
"(27.7087963, 85.3202438)",No,No,No,No,No,No,No,No,No,No,No,No,No,No,No,No,None,Male,39
"(54.6843135, 25.2853984)",No,No,No,No,No,No,No,No,Yes,No,No,No,No,No,No,No,High School,Male,30
"(35.8987546, 14.5134889)",No,No,No,No,No,No,Yes,No,No,No,No,No,Yes,No,No,Yes,College,Female,39
"(35.8987546, 14.5134889)",No,No,No,No,No,No,No,No,No,Yes,No,No,No,No,No,No,College,Female,37
"(11.5742555, 104.82899544331)",No,No,No,No,No,No,No,No,No,No,No,No,No,No,No,No,None,Female,41
"(13.6977587, -89.1930099)",No,No,No,No,No,No,No,No,No,No,No,No,No,No,No,No,High School,Male,45
"(33.5130695, 36.3095814)",Yes,No,No,No,No,No,No,No,No,No,No,Yes,No,No,No,Yes,Some College,Female,28
"(-1.2832532, 36.8172449)",No,No,No,No,No,No,No,No,No,No,No,No,No,No,No,No,None,Female,32
"(7.0909924, 171.3816354)",No,No,No,No,No,No,No,No,No,No,No,No,No,No,No,No,High School,Female,29
"(14.5906216, 120.9799696)",No,No,No,No,No,No,No,No,No,No,No,No,No,No,No,No,PhD,Male,45
"(4.1754179, 73.5102069950142)",No,No,No,No,No,No,No,No,No,No,No,No,No,No,No,No,High School,Male,50
"(40.4167047, -3.7035824)",No,No,No,No,Yes,No,No,No,No,Yes,No,Yes,No,No,Yes,No,College,Female,19
"(20.9749006, 105.675563063679)",No,No,No,No,No,No,No,No,No,No,No,No,No,No,No,No,None,Female,34
"(54.6843135, 25.2853984)",No,No,No,No,No,No,No,No,No,No,No,No,No,Yes,No,No,High School,Male,27
"(37.5666791, 126.9782914)",No,No,Yes,No,No,No,No,No,Yes,No,No,No,No,No,No,No,Some College,Male,44
"(18.0794011, -15.9780392)",No,No,No,No,No,No,No,No,No,No,No,No,No,No,No,No,None,Female,47
"(-0.5454277, 166.9220436)",No,No,No,No,No,Yes,No,No,No,No,No,No,No,No,No,No,Some College,Female,41
"(41.9960424, 21.4316707)",No,No,No,No,No,No,No,No,No,No,No,No,No,No,No,No,Some College,Female,24
"(13.6977587, -89.1930099)",No,No,No,No,No,No,No,No,No,No,No,No,No,No,No,No,High School,Female,31
"(-1.950851, 30.0615075)",No,No,No,No,No,No,No,No,No,No,No,No,No,No,No,No,None,Female,45
"(13.5859219, 100.416086601645)",No,No,No,No,No,No,No,No,No,No,No,No,No,No,No,No,High School,Male,41
"(-0.5454277, 166.9220436)",No,No,Yes,Yes,Yes,No,No,No,Yes,Yes,No,No,Yes,No,No,No,Some College,Male,53
"(51.15092055, 71.4388595154859)",No,No,No,No,No,No,No,No,No,No,No,No,No,No,No,No,High School,Male,19
"(19.7540045, 96.1344976)",Yes,Yes,Yes,Yes,Yes,Yes,Yes,Yes,Yes,Yes,Yes,Yes,Yes,Yes,Yes,Yes,PhD,Female,35
"(14.5906216, 120.9799696)",No,No,No,No,No,No,No,No,No,No,No,No,No,No,No,No,PhD,Female,27
"(14.0931919, -87.201263)",No,No,No,No,No,No,No,No,No,No,No,No,No,No,No,No,High School,Female,43
"(4.1754179, 73.5102069950142)",No,No,No,No,No,No,No,No,No,No,No,No,No,No,No,No,High School,Male,44
"(44.8178787, 20.4568089)",No,No,No,No,No,No,No,No,No,No,No,No,No,No,No,No,High School,Female,45
"(0.3177137, 32.5813539)",No,No,No,No,No,No,No,No,No,No,No,No,No,No,No,No,None,Male,45
"(50.0874654, 14.4212503)",No,No,No,No,No,No,No,No,No,No,No,No,No,No,No,No,Some College,Male,27
"(-0.155388, -78.4862308)",No,No,No,No,No,No,No,No,No,No,No,No,No,No,No,No,High School,Male,35
"(25.0783456, -77.338333)",No,No,No,Yes,No,No,No,Yes,Yes,No,No,No,No,No,No,No,Some College,Female,48
"(35.8987546, 14.5134889)",No,No,Yes,Yes,No,Yes,No,No,Yes,Yes,No,No,Yes,Yes,No,No,College,Male,39
"(42.5069391, 1.5212467)",Yes,Yes,Yes,Yes,Yes,No,No,No,No,Yes,No,Yes,No,No,Yes,No,College,Male,43
"(46.9482713, 7.4514512)",No,Yes,Yes,Yes,No,No,No,No,Yes,Yes,Yes,Yes,Yes,No,No,No,Masters,Male,30
"(18.4801972, -69.9421109)",No,No,No,No,No,No,No,No,No,No,No,No,No,No,No,No,High School,Male,32
"(20.9749006, 105.675563063679)",No,No,No,No,No,No,No,No,No,No,No,No,No,No,No,No,None,Female,45
"(-25.9662132, 32.5674498)",No,No,No,No,No,No,No,No,No,No,No,No,No,No,No,No,None,Male,52
"(39.9059631, 116.391248)",No,No,No,No,No,No,No,No,No,No,No,No,No,No,No,No,None,Female,38
"(-26.3257446, 31.144663)",No,No,No,No,No,No,No,No,No,No,No,No,No,No,No,No,High School,Male,42
"(35.686172, 51.4223519)",No,No,No,No,No,No,No,No,No,No,No,No,No,Yes,Yes,No,Some College,Female,42
"(6.3280343, -10.7977881)",No,No,No,No,No,No,No,No,No,No,No,No,No,No,No,No,None,Female,34
"(14.6417889, -90.5132238)",No,No,No,No,No,No,No,No,No,No,No,No,No,No,No,No,High School,Female,29
"(-13.9734559, 33.7878122)",No,No,No,No,No,No,No,No,No,No,No,No,No,No,No,No,None,Male,30
"(13.5859219, 100.416086601645)",No,No,No,No,No,No,No,No,No,No,No,No,No,No,No,No,High School,Female,27
"(-17.7414971, 168.3150163)",No,No,No,No,No,No,No,No,No,No,No,No,No,No,No,No,High School,Female,36
"(41.3123363, 69.2787079)",No,No,No,No,No,No,No,No,No,No,No,No,No,No,No,No,None,Male,39
"(18.547327, -72.3395927)",No,No,No,No,No,No,No,No,No,No,No,No,No,No,No,No,None,Male,30
"(37.9841493, 23.7279843)",Yes,No,No,No,Yes,No,No,No,No,Yes,Yes,No,No,No,Yes,No,College,Female,42
"(41.9960424, 21.4316707)",Yes,No,No,No,No,No,Yes,No,No,No,No,No,No,No,No,No,Some College,Male,19
"(24.4747961, 54.3705762)",Yes,No,Yes,No,Yes,Yes,No,No,Yes,Yes,No,Yes,No,No,Yes,No,College,Female,28
"(45.8131545, 15.9770298)",No,No,No,No,No,No,Yes,Yes,No,No,No,No,No,No,No,No,Some College,Male,41
"(33.8959203, 35.47843)",No,No,No,No,No,No,No,Yes,No,No,No,No,No,No,No,No,Some College,Male,26
"(-21.13434, -175.2018084)",No,No,No,No,No,No,No,No,No,No,No,No,No,No,No,No,High School,Female,30
"(0.3177137, 32.5813539)",No,No,No,No,No,No,No,No,No,No,No,No,No,No,No,No,None,Female,34
"(12.1461244, -86.2737169)",No,No,No,No,No,No,No,No,No,No,No,No,No,No,No,No,High School,Male,29
"(13.6977587, -89.1930099)",No,No,No,No,No,No,No,No,No,No,No,No,No,No,No,No,High School,Male,39
"(43.7311424, 7.4197576)",No,No,Yes,No,No,No,Yes,Yes,No,No,Yes,No,No,No,Yes,Yes,PhD,Male,26
"(33.8959203, 35.47843)",No,No,No,No,Yes,No,No,No,No,No,No,No,No,No,No,No,Some College,Female,21
"(14.9160169, -23.5096131)",No,No,No,No,No,No,No,No,No,No,No,No,No,No,Yes,No,High School,Male,34
"(-3.3638124, 29.3675028)",No,No,No,No,No,No,No,No,No,No,No,No,No,No,No,No,None,Female,30
"(27.7087963, 85.3202438)",No,No,No,No,No,No,No,No,No,No,No,No,No,No,No,No,None,Male,44
"(-0.5454277, 166.9220436)",No,No,No,No,No,No,Yes,No,No,No,No,No,No,No,No,No,Some College,Female,27
"(17.9712148, -76.7928127)",No,No,No,Yes,No,No,No,No,No,No,No,No,No,No,No,No,High School,Male,36
"(14.0931919, -87.201263)",No,No,No,No,No,No,No,No,No,No,No,No,No,No,No,No,High School,Male,37
"(55.7516335, 37.6187042)",No,No,No,No,No,No,No,No,No,No,No,No,No,No,No,No,Some College,Female,36
"(31.7791134, 35.2266286)",No,Yes,No,Yes,Yes,Yes,Yes,Yes,Yes,No,No,No,No,No,No,No,College,Female,46
"(35.8987546, 14.5134889)",No,No,No,Yes,No,No,Yes,Yes,No,Yes,Yes,No,Yes,No,No,No,College,Female,44
"(33.8959203, 35.47843)",No,No,No,No,No,No,No,No,No,No,No,No,No,No,No,Yes,Some College,Male,25
"(13.5859219, 100.416086601645)",No,No,No,No,No,No,No,No,No,No,No,No,No,No,No,No,High School,Male,31
"(13.4553495, -16.5756456)",No,No,No,No,No,No,No,No,No,No,Yes,No,No,No,No,No,Some College,Male,27
"(39.9059631, 116.391248)",No,Yes,No,No,Yes,Yes,No,Yes,Yes,Yes,No,No,Yes,Yes,No,Yes,College,Male,46
"(59.3251172, 18.0710935)",No,No,No,No,Yes,No,Yes,Yes,No,No,No,Yes,No,No,No,Yes,College,Male,46
"(25.3014957, 51.4996673988223)",Yes,No,Yes,No,No,No,No,No,Yes,No,No,No,No,Yes,Yes,Yes,College,Male,19
"(59.9132694, 10.7391112)",No,No,Yes,Yes,No,No,No,No,No,Yes,Yes,Yes,No,No,No,Yes,Masters,Female,39
"(9.0107934, 38.7612525)",No,No,No,No,No,No,No,No,No,No,No,No,No,No,No,No,None,Female,43
"(59.9132694, 10.7391112)",No,Yes,Yes,No,No,No,No,Yes,No,No,Yes,No,Yes,Yes,No,Yes,Masters,Male,35
"(4.3907153, 18.5509126)",No,No,No,No,No,No,No,No,No,No,No,No,No,No,No,No,None,Male,28
"(47.949809, 106.966724193881)",No,No,No,No,No,No,No,No,No,No,No,No,No,No,No,No,None,Male,43
"(-4.2694406, 15.2712256)",No,No,No,Yes,No,No,No,No,No,No,No,No,Yes,Yes,No,No,Some College,Male,32
"(-9.431297, 159.9552773)",No,No,No,No,No,No,No,No,No,No,No,No,No,No,No,No,None,Female,42
"(24.4747961, 54.3705762)",No,No,Yes,Yes,No,No,No,No,No,Yes,Yes,Yes,Yes,No,Yes,No,College,Female,22
"(14.5906216, 120.9799696)",No,No,No,No,No,No,No,No,No,No,No,No,No,No,No,No,PhD,Male,31
"(47.1392862, 9.5227962)",No,Yes,No,Yes,No,Yes,Yes,Yes,No,Yes,Yes,No,No,No,No,Yes,PhD,Female,37
"(-9.47433, 147.1599504)",No,No,No,No,No,No,No,No,No,No,No,No,No,No,No,No,None,Male,27
"(4.5980478, -74.0760866)",No,No,No,No,No,No,No,No,No,No,No,No,No,No,No,No,High School,Male,39
"(-11.6931254, 43.2543044)",No,No,No,No,No,No,No,No,No,No,No,No,No,No,No,No,None,Female,34
"(19.4325301, -99.1332101)",No,No,Yes,No,No,No,No,No,No,No,No,No,Yes,No,No,No,Some College,Female,22
"(-6.179118, 35.7468174)",No,No,No,No,No,No,No,No,No,No,No,No,No,No,No,No,None,Male,43
"(-6.179118, 35.7468174)",No,No,No,No,No,No,No,No,No,No,No,No,No,No,No,No,None,Female,30
"(-6.179118, 35.7468174)",No,No,No,No,No,No,No,No,No,No,No,No,No,No,No,No,None,Male,43
"(35.1739302, 33.364726)",Yes,Yes,No,Yes,Yes,Yes,No,No,Yes,Yes,No,Yes,No,Yes,No,No,College,Female,30
"(30.0488185, 31.2436663)",No,No,No,No,No,No,No,No,No,No,No,No,No,No,No,No,Some College,Female,28
"(15.5933247, 32.5356502)",No,No,No,No,No,No,No,No,No,No,No,No,No,No,No,No,None,Female,24
"(15.2984622, -61.3875048)",No,No,No,No,No,No,No,No,No,No,No,No,No,No,No,No,High School,Female,37
"(52.2319237, 21.0067265)",No,No,No,No,No,No,No,No,No,No,No,No,No,No,No,Yes,Some College,Male,48
"(25.0783456, -77.338333)",No,No,No,Yes,No,Yes,Yes,No,No,No,No,No,No,No,No,No,Some College,Male,25
"(7.0909924, 171.3816354)",No,No,No,No,No,No,No,No,No,No,No,No,No,No,No,No,High School,Male,36
"(-19.0478619, -65.2596022)",No,No,No,No,No,No,No,No,No,No,No,No,No,No,No,No,None,Male,32
"(14.9160169, -23.5096131)",No,Yes,No,No,Yes,No,No,No,No,No,No,No,No,No,No,No,Some College,Male,52
"(19.7540045, 96.1344976)",Yes,Yes,Yes,Yes,Yes,Yes,Yes,Yes,Yes,Yes,Yes,Yes,Yes,Yes,Yes,Yes,PhD,Male,26
"(14.6934248, -17.4479376)",No,No,No,No,No,No,No,No,No,No,No,No,No,No,No,No,None,Female,31
"(64.145981, -21.9422366)",Yes,No,Yes,No,No,Yes,Yes,No,No,Yes,No,Yes,Yes,No,Yes,No,College,Female,49
"(19.4325301, -99.1332101)",No,Yes,No,No,No,Yes,No,No,No,No,No,No,Yes,No,No,No,Some College,Female,39
"(-0.5454277, 166.9220436)",No,No,No,No,No,No,Yes,No,Yes,No,No,No,No,No,No,Yes,Some College,Female,31
"(50.8465565, 4.351697)",No,No,No,Yes,Yes,No,No,No,Yes,Yes,No,Yes,Yes,No,Yes,Yes,College,Male,32
"(-9.431297, 159.9552773)",No,No,No,No,No,No,No,No,No,No,No,No,No,No,No,No,None,Male,39
"(47.1392862, 9.5227962)",Yes,Yes,Yes,No,No,No,Yes,No,Yes,No,No,Yes,No,No,Yes,Yes,PhD,Female,26
"(30.1600827, -85.6545728)",No,No,No,No,No,No,No,No,No,No,No,No,No,No,No,No,High School,Female,33
"(45.4210328, -75.6900218)",No,Yes,No,Yes,Yes,No,No,No,No,No,No,No,No,No,No,No,College,Male,28
"(33.5130695, 36.3095814)",Yes,Yes,No,Yes,No,No,No,No,No,No,No,No,No,No,No,No,Some College,Female,30
"(9.5171253, -13.6999234)",No,No,No,No,No,No,No,No,No,No,No,No,No,No,No,No,None,Male,34
"(11.8613244, -15.5830553)",No,No,No,No,No,No,No,No,No,No,No,No,No,No,No,No,None,Male,38
"(-17.8317725, 31.0456859)",No,No,No,No,No,No,No,No,No,No,No,No,No,No,No,No,None,Female,37
"(-8.5536808, 125.5784093)",No,No,No,No,No,No,Yes,No,No,No,No,No,Yes,Yes,Yes,Yes,Some College,Male,44
"(19.7540045, 96.1344976)",Yes,Yes,Yes,Yes,Yes,Yes,Yes,Yes,Yes,Yes,Yes,Yes,Yes,Yes,Yes,Yes,PhD,Male,40
"(13.4998139, 2.10948597212168)",No,No,No,No,No,No,No,No,No,No,No,No,No,No,No,No,None,Female,28
"(34.2255804, 139.294774527387)",No,Yes,No,No,No,Yes,Yes,No,No,Yes,No,No,No,Yes,Yes,No,College,Female,41
"(12.1461244, -86.2737169)",No,No,No,No,No,No,No,No,No,No,No,No,No,No,No,No,High School,Male,27
"(19.4325301, -99.1332101)",No,No,No,No,Yes,No,No,Yes,No,No,Yes,No,No,No,No,No,Some College,Male,40
"(40.3754289, 49.8328549)",No,No,No,No,No,No,No,No,No,No,No,No,No,No,No,No,None,Male,40
"(15.5933247, 32.5356502)",No,No,No,No,No,No,No,No,No,No,No,No,No,No,No,No,None,Female,44
"(64.145981, -21.9422366)",No,Yes,No,No,No,No,No,Yes,Yes,Yes,No,No,No,No,No,No,College,Female,38
"(-41.2887638, 174.7772239)",No,No,No,No,No,No,No,No,Yes,No,No,No,Yes,Yes,Yes,No,College,Male,41
"(-8.5536808, 125.5784093)",No,No,No,No,No,No,No,No,No,No,No,Yes,No,Yes,No,No,Some College,Male,43
"(14.0931919, -87.201263)",No,No,No,No,No,No,No,No,No,No,No,No,No,No,No,No,High School,Female,52
"(-8.4593113, 179.079556571439)",No,No,No,No,No,No,No,No,No,No,No,No,No,No,No,No,High School,Female,30
"(-25.9662132, 32.5674498)",No,No,No,No,No,No,No,No,No,No,No,No,No,No,No,No,None,Male,49
"(-8.4593113, 179.079556571439)",No,No,No,No,No,No,No,No,No,No,No,No,No,No,No,No,High School,Male,44
"(10.6572678, -61.5180172)",Yes,No,No,No,Yes,No,No,No,No,No,No,No,No,No,No,No,Some College,Male,40
"(-0.155388, -78.4862308)",No,No,No,No,No,No,No,No,No,No,No,No,No,No,No,No,High School,Female,48
"(46.049865, 14.5068921)",No,Yes,No,No,No,No,No,No,No,Yes,Yes,No,No,No,No,No,College,Male,33
"(37.9396678, 58.3874263)",No,No,No,No,No,No,No,No,No,No,No,No,No,No,No,No,None,Male,28
"(18.0794011, -15.9780392)",No,No,No,No,No,No,No,No,No,No,No,No,No,No,No,No,None,Male,31
"(-0.5454277, 166.9220436)",No,No,No,No,No,Yes,Yes,Yes,No,No,No,Yes,No,No,Yes,No,Some College,Male,42
"(59.4372155, 24.7453688)",No,No,No,No,No,No,Yes,No,No,No,No,No,No,No,No,No,Some College,Female,34
"(18.0794011, -15.9780392)",No,No,No,No,No,No,No,No,No,No,No,No,No,No,No,No,None,Female,40
"(-1.2832532, 36.8172449)",No,No,No,No,No,No,No,No,No,No,No,No,No,No,No,No,None,Female,36
"(12.3681481, -1.5270852)",No,No,No,No,No,No,No,No,No,No,No,No,No,No,No,No,None,Female,24
"(13.1561864, -61.227962)",No,Yes,No,No,No,No,No,Yes,No,No,No,No,No,No,No,No,Some College,Male,23
"(39.07984925, 125.801457340332)",No,No,Yes,No,No,No,No,Yes,No,No,No,No,No,No,Yes,No,Some College,Female,31
"(23.5997857, 58.5451305)",No,Yes,No,No,Yes,No,No,Yes,No,No,No,Yes,Yes,No,No,No,Some College,Female,33
"(39.9220732, 32.853758)",No,No,No,No,No,Yes,No,No,No,No,No,No,No,No,No,No,High School,Male,28
"(44.4361414, 26.1027443)",No,No,No,No,No,No,No,No,No,No,No,No,No,No,No,No,High School,Male,30
"(-8.5536808, 125.5784093)",No,No,No,No,No,Yes,No,No,No,No,No,No,No,No,No,No,Some College,Male,36
"(15.342101, 44.2005197)",No,No,No,No,No,No,Yes,No,No,No,No,No,No,No,No,Yes,Some College,Male,50
"(9.0643305, 7.4892974)",No,No,No,No,No,No,No,No,No,No,No,No,No,No,No,No,None,Female,45
"(47.949809, 106.966724193881)",No,No,No,No,No,No,No,No,No,No,No,No,No,No,No,No,None,Male,26
"(-24.6553194, 25.9087281)",No,No,No,No,No,No,No,No,No,No,No,No,No,No,No,No,High School,Male,33
"(59.4372155, 24.7453688)",No,Yes,No,No,No,No,No,No,No,No,Yes,No,No,No,No,Yes,Some College,Female,41
"(3.1570976, 101.7009528)",No,Yes,No,No,No,No,No,No,No,No,No,No,No,No,No,No,High School,Male,31
"(15.3389974, 38.9326725)",No,No,No,No,No,No,No,No,No,No,No,No,No,No,No,No,None,Male,32
"(54.6843135, 25.2853984)",No,No,No,No,No,No,No,No,No,No,No,No,No,No,No,No,High School,Female,47
"(-8.5536808, 125.5784093)",No,No,No,No,No,No,No,Yes,No,No,No,Yes,No,No,No,Yes,Some College,Male,27
"(34.2255804, 139.294774527387)",Yes,No,No,Yes,Yes,Yes,Yes,No,No,No,Yes,Yes,No,No,No,Yes,College,Male,29
"(0.3389242, 6.7313031)",No,Yes,No,No,No,No,No,Yes,No,No,No,Yes,No,No,No,No,Some College,Male,26
"(9.5171253, -13.6999234)",No,No,No,No,No,No,No,No,No,No,No,No,No,No,No,No,None,Female,50
"(12.6493194, -8.000337)",No,No,No,No,No,No,No,No,No,No,No,No,No,No,No,No,None,Male,32
"(32.77325405, 13.4141472054133)",No,No,No,No,No,No,No,No,No,No,No,No,No,No,No,No,High School,Female,36
"(15.5933247, 32.5356502)",No,No,No,No,No,No,No,No,No,No,No,No,No,No,No,No,None,Female,33
"(14.6417889, -90.5132238)",No,No,No,No,No,No,No,No,No,No,No,No,No,No,No,No,High School,Male,35
"(56.9493977, 24.1051846)",No,No,No,No,No,No,No,No,No,No,No,No,No,No,No,No,High School,Female,35
"(11.8613244, -15.5830553)",No,No,No,No,No,No,No,No,No,No,No,No,No,No,No,No,None,Male,31
"(43.8519774, 18.3866868)",No,No,No,No,No,No,No,No,No,No,No,No,No,No,No,No,High School,Male,31
"(11.8613244, -15.5830553)",No,No,No,No,No,No,No,No,No,No,No,No,No,No,No,No,None,Male,27
"(13.5859219, 100.416086601645)",No,No,No,No,No,No,No,No,No,No,No,No,No,No,No,No,High School,Male,34
"(-8.5536808, 125.5784093)",No,No,No,Yes,No,No,No,No,No,No,No,No,Yes,Yes,No,No,Some College,Male,33
"(52.5170365, 13.3888599)",Yes,Yes,No,No,Yes,No,Yes,No,No,Yes,Yes,No,Yes,Yes,No,No,College,Female,28
"(14.0096056, -60.9903262)",No,No,No,Yes,No,No,No,No,No,No,No,No,No,No,No,No,Some College,Female,33
"(33.5130695, 36.3095814)",No,No,No,No,No,No,No,No,No,No,No,No,No,No,No,No,Some College,Male,39
"(15.342101, 44.2005197)",No,No,Yes,Yes,No,No,No,No,No,No,Yes,No,No,Yes,No,No,Some College,Female,34
"(52.5170365, 13.3888599)",No,No,No,No,No,Yes,No,Yes,Yes,Yes,Yes,Yes,Yes,No,Yes,Yes,College,Male,37
"(-4.6219495, 55.4533145)",Yes,Yes,No,No,No,No,No,No,No,No,No,No,Yes,No,Yes,No,Some College,Female,29
"(42.8767446, 74.6069949)",No,No,No,No,No,No,No,No,No,No,Yes,Yes,No,No,Yes,No,Some College,Male,36
"(-6.179118, 35.7468174)",No,No,No,No,No,No,No,No,No,No,No,No,No,No,No,No,None,Male,45
"(-35.2819366, 149.128894)",Yes,No,No,No,Yes,No,Yes,No,No,No,No,Yes,No,No,No,No,College,Male,19
"(4.8895453, 114.9417574)",Yes,No,Yes,Yes,Yes,No,Yes,Yes,No,No,No,No,No,Yes,No,Yes,College,Female,28
"(41.8935085, 12.4825526)",Yes,No,No,Yes,No,No,No,No,Yes,Yes,No,No,No,No,No,Yes,College,Female,40
"(12.3681481, -1.5270852)",No,No,No,No,No,No,No,No,No,No,No,No,No,No,No,No,None,Female,33
"(-13.9734559, 33.7878122)",No,No,No,No,No,No,No,No,No,No,No,No,No,No,No,No,None,Male,30
"(35.8987546, 14.5134889)",No,No,Yes,No,No,No,Yes,No,No,No,No,No,No,No,No,No,College,Female,27
"(-17.7414971, 168.3150163)",No,No,No,No,No,No,No,No,No,No,No,No,No,No,No,No,High School,Female,34
"(-15.4166966, 28.2813812)",No,No,No,No,No,No,No,No,No,No,No,No,No,No,No,No,None,Male,39
"(33.6945756, 73.0643744)",No,No,No,No,No,No,No,No,No,No,No,No,No,No,No,No,None,Female,33
"(30.0488185, 31.2436663)",No,No,No,No,No,No,No,No,No,No,Yes,No,No,No,No,No,Some College,Female,47
"(48.1359085, 17.1597440625)",No,No,No,Yes,No,No,No,No,No,No,No,No,Yes,No,No,Yes,Some College,Female,33
"(48.8566101, 2.3514992)",Yes,Yes,No,Yes,No,No,Yes,No,No,Yes,No,No,No,Yes,Yes,No,College,Male,42
"(5.8216198, -55.1771973)",No,No,No,No,No,No,No,No,No,No,No,No,No,No,No,No,High School,Male,23
"(-4.3217054, 15.3125974)",No,No,No,No,No,No,No,No,No,No,No,No,No,No,No,No,High School,Male,49
"(24.4747961, 54.3705762)",Yes,No,No,No,No,No,No,Yes,No,No,No,No,Yes,Yes,Yes,Yes,College,Male,31
"(47.4983815, 19.0404707)",No,No,No,No,No,No,No,Yes,No,No,No,Yes,No,No,No,No,Some College,Male,27
"(18.4801972, -69.9421109)",No,No,No,No,No,No,No,No,No,No,No,No,No,No,No,No,High School,Male,28
"(14.6417889, -90.5132238)",No,No,No,No,No,No,No,No,No,No,No,No,No,No,No,No,High School,Female,37
"(33.5130695, 36.3095814)",No,No,No,No,Yes,Yes,No,No,No,No,Yes,Yes,No,No,No,No,Some College,Male,39
"(64.145981, -21.9422366)",No,No,No,No,Yes,Yes,Yes,Yes,Yes,No,Yes,Yes,Yes,Yes,Yes,Yes,College,Male,44
"(23.5997857, 58.5451305)",Yes,No,No,No,No,No,No,No,No,No,No,No,No,No,No,No,Some College,Female,27
"(48.8566101, 2.3514992)",No,Yes,Yes,Yes,No,No,Yes,Yes,Yes,No,No,Yes,No,No,No,Yes,College,Male,36
"(14.9160169, -23.5096131)",No,No,No,No,No,No,No,No,No,Yes,Yes,No,No,No,No,No,Some College,Female,30
"(47.0122737, 28.8605936)",No,No,No,No,No,No,No,No,No,No,No,No,No,No,No,No,None,Female,24
"(15.2984622, -61.3875048)",No,No,No,Yes,No,No,No,No,No,No,No,No,No,No,No,No,High School,Female,42
"(43.8519774, 18.3866868)",No,No,No,No,No,No,No,No,No,No,No,No,No,No,No,No,High School,Male,35
"(12.6493194, -8.000337)",No,No,No,No,No,No,No,No,No,No,No,No,No,No,No,No,None,Female,25
"(37.9841493, 23.7279843)",No,No,No,Yes,Yes,Yes,Yes,No,Yes,Yes,Yes,No,No,No,No,No,College,Male,50
"(52.5170365, 13.3888599)",No,Yes,No,Yes,Yes,Yes,Yes,No,No,No,Yes,Yes,Yes,No,Yes,Yes,College,Female,45
"(3.1570976, 101.7009528)",Yes,No,No,No,No,Yes,No,Yes,No,No,No,No,No,No,No,No,High School,Female,30
"(2.0427779, 45.3385636)",Yes,Yes,Yes,Yes,Yes,Yes,Yes,Yes,Yes,Yes,Yes,Yes,Yes,Yes,Yes,Yes,PhD,Female,38
"(12.1191543, 15.0502758)",No,No,No,No,No,No,No,No,No,No,No,No,No,No,No,No,None,Male,34
"(-15.4166966, 28.2813812)",No,No,No,No,No,No,No,No,No,No,No,No,No,No,No,No,None,Male,45
"(20.9749006, 105.675563063679)",No,No,No,No,No,No,No,No,No,No,No,No,No,No,No,No,None,Male,36
"(8.4790017, -13.2680157)",No,No,No,No,No,No,No,No,No,No,No,No,No,No,No,No,None,Female,34
"(-11.6931254, 43.2543044)",No,No,No,No,No,No,No,No,No,No,No,No,No,No,No,No,None,Male,35
"(11.5742555, 104.82899544331)",No,No,No,No,No,No,No,No,No,No,No,No,No,No,No,No,None,Male,44
"(35.8987546, 14.5134889)",Yes,No,No,Yes,Yes,No,No,Yes,No,Yes,No,No,Yes,No,No,Yes,College,Female,35
"(12.6493194, -8.000337)",No,No,No,No,No,No,No,No,No,No,No,No,No,No,No,No,None,Female,41
"(0.3177137, 32.5813539)",No,No,No,No,No,No,No,No,No,No,No,No,No,No,No,No,None,Female,33
"(28.6138967, 77.2159562)",No,No,No,No,No,No,No,No,No,No,No,No,No,No,No,No,None,Female,35
"(0.3900022, 9.4540009)",No,No,No,No,No,No,No,No,No,No,No,No,No,Yes,No,Yes,High School,Male,24
"(6.4990718, 2.6253361)",No,No,No,No,No,No,No,No,No,No,No,No,No,No,No,No,None,Male,33
"(42.8767446, 74.6069949)",No,No,No,No,No,No,No,No,No,No,No,No,No,Yes,No,No,Some College,Male,40
"(-41.2887638, 174.7772239)",Yes,Yes,No,Yes,No,Yes,No,No,No,Yes,Yes,No,No,No,No,No,College,Male,30
"(6.3280343, -10.7977881)",No,No,No,No,No,No,No,No,No,No,No,No,No,No,No,No,None,Male,37
"(-13.834369, -171.7692792)",No,No,No,No,No,No,No,No,No,No,No,No,No,No,No,No,High School,Male,43
"(6.8091068, -5.2732627)",No,Yes,No,No,No,No,No,No,No,No,No,No,No,No,Yes,No,Some College,Male,33
"(50.0874654, 14.4212503)",No,No,No,No,No,No,No,No,No,No,Yes,No,No,No,No,No,Some College,Male,30
"(39.07984925, 125.801457340332)",No,No,No,No,No,No,No,No,No,Yes,No,No,No,No,No,No,Some College,Female,42
"(23.5997857, 58.5451305)",No,Yes,No,No,No,No,No,No,No,No,No,No,No,No,Yes,No,Some College,Male,32
"(12.1191543, 15.0502758)",No,No,No,No,No,No,No,No,No,No,No,No,No,No,No,No,None,Male,23
"(47.4983815, 19.0404707)",No,No,Yes,No,No,Yes,No,Yes,Yes,No,No,No,No,No,Yes,Yes,Some College,Female,34
